Timestamp,Stance,Punch,L_Wrist_X,L_Wrist_Y,L_Wrist_Z,L_Elbow_X,L_Elbow_Y,L_Elbow_Z,L_Shoulder_X,L_Shoulder_Y,L_Shoulder_Z,R_Wrist_X,R_Wrist_Y,R_Wrist_Z,R_Elbow_X,R_Elbow_Y,R_Elbow_Z,R_Shoulder_X,R_Shoulder_Y,R_Shoulder_Z
0.0,Orthodox,None,0.8855,1.1736,0.8329,0.8216,0.8491,0.7074,0.6749,0.4380,0.5997,0.4340,0.8281,0.3011,0.4807,0.6250,0.3414,0.4726,0.3663,0.4159
0.03333333333333333,Orthodox,None,0.8088,1.1724,0.8286,0.8218,0.8484,0.7026,0.6909,0.4381,0.5999,0.4284,0.8416,0.3007,0.4744,0.6264,0.3414,0.4713,0.3652,0.4158
0.06666666666666667,Orthodox,None,0.8063,1.1241,0.8219,0.8188,0.8281,0.6993,0.6933,0.4325,0.5986,0.4214,0.8475,0.3006,0.4697,0.6356,0.3412,0.4685,0.3651,0.4156
0.1,Orthodox,None,0.8051,1.1392,0.8173,0.8060,0.8067,0.6945,0.6933,0.4219,0.5977,0.4192,0.8527,0.3009,0.4705,0.6474,0.3411,0.4669,0.3654,0.4147
0.13333333333333333,Orthodox,None,0.8118,1.1375,0.8169,0.8062,0.7925,0.6952,0.6933,0.4131,0.5979,0.4183,0.8590,0.3015,0.4710,0.6476,0.3412,0.4668,0.3646,0.4145
0.16666666666666666,Orthodox,None,0.7923,1.1433,0.8174,0.8045,0.7986,0.6956,0.6941,0.4144,0.5981,0.4187,0.8587,0.3015,0.4713,0.6508,0.3415,0.4659,0.3643,0.4144
0.2,Orthodox,None,0.7797,1.1281,0.8170,0.8003,0.7893,0.6949,0.6939,0.4100,0.5980,0.4185,0.8621,0.3013,0.4807,0.6626,0.3419,0.4655,0.3649,0.4144
0.23333333333333334,Orthodox,None,0.7856,1.1178,0.8166,0.7979,0.7888,0.6938,0.6935,0.4088,0.5977,0.4183,0.8614,0.3010,0.4839,0.6697,0.3421,0.4655,0.3650,0.4142
0.26666666666666666,Orthodox,None,0.7925,1.1222,0.8151,0.7987,0.7837,0.6929,0.6915,0.4041,0.5971,0.4138,0.8623,0.3004,0.4821,0.6747,0.3422,0.4637,0.3661,0.4139
0.3,Orthodox,None,0.7937,1.1242,0.8127,0.7978,0.7841,0.6923,0.6898,0.4030,0.5969,0.4110,0.8635,0.2997,0.4802,0.6753,0.3423,0.4634,0.3661,0.4135
0.3333333333333333,Orthodox,None,0.7936,1.1250,0.8129,0.7940,0.7854,0.6918,0.6883,0.4037,0.5957,0.4096,0.8631,0.2979,0.4732,0.6831,0.3421,0.4615,0.3661,0.4123
0.36666666666666664,Orthodox,None,0.7952,1.1485,0.8102,0.7950,0.7879,0.6880,0.6882,0.4038,0.5925,0.4087,0.8706,0.2964,0.4682,0.6861,0.3414,0.4575,0.3687,0.4113
0.4,Orthodox,None,0.7962,1.1405,0.8088,0.8007,0.7867,0.6870,0.6877,0.4042,0.5906,0.4067,0.8800,0.2961,0.4599,0.6909,0.3413,0.4514,0.3714,0.4107
0.43333333333333335,Orthodox,None,0.7963,1.1212,0.8079,0.8007,0.7850,0.6858,0.6875,0.4045,0.5899,0.4069,0.9186,0.2960,0.4531,0.7164,0.3406,0.4449,0.3816,0.4100
0.4666666666666667,Orthodox,None,0.7968,1.0599,0.8071,0.8003,0.7851,0.6850,0.6876,0.4047,0.5899,0.4073,0.9182,0.2953,0.4445,0.7245,0.3400,0.4414,0.3875,0.4090
0.5,Orthodox,None,0.7951,1.0617,0.8063,0.7999,0.7852,0.6849,0.6875,0.4048,0.5899,0.4072,0.9134,0.2947,0.4458,0.7238,0.3399,0.4425,0.3875,0.4085
0.5333333333333333,Orthodox,None,0.7955,1.1028,0.8063,0.7988,0.7888,0.6851,0.6876,0.4049,0.5899,0.4021,0.9039,0.2945,0.4472,0.7132,0.3399,0.4430,0.3868,0.4084
0.5666666666666667,Orthodox,None,0.7971,1.1620,0.8065,0.7991,0.7956,0.6852,0.6876,0.4051,0.5896,0.3985,0.9021,0.2944,0.4522,0.7118,0.3399,0.4448,0.3867,0.4083
0.6,Orthodox,None,0.8006,1.1582,0.8060,0.7999,0.7956,0.6849,0.6877,0.4052,0.5896,0.3983,0.9006,0.2942,0.4531,0.7057,0.3399,0.4453,0.3837,0.4082
0.6333333333333333,Orthodox,None,0.7990,1.1551,0.8057,0.7993,0.7920,0.6846,0.6876,0.4051,0.5895,0.3981,0.8907,0.2942,0.4573,0.6875,0.3399,0.4469,0.3836,0.4081
0.6666666666666666,Orthodox,None,0.7991,1.1747,0.8049,0.8005,0.8020,0.6834,0.6880,0.4067,0.5893,0.3974,0.8861,0.2942,0.4622,0.6844,0.3400,0.4475,0.3834,0.4081
0.7,Orthodox,None,0.7995,1.1900,0.8039,0.8010,0.8085,0.6830,0.6890,0.4079,0.5891,0.3965,0.8874,0.2941,0.4631,0.6861,0.3401,0.4482,0.3867,0.4081
0.7333333333333333,Orthodox,None,0.7994,1.1888,0.8040,0.8015,0.8083,0.6831,0.6887,0.4072,0.5890,0.3968,0.8867,0.2939,0.4655,0.6792,0.3401,0.4507,0.3826,0.4081
0.7666666666666667,Orthodox,None,0.8086,1.1950,0.8041,0.8051,0.8097,0.6829,0.6888,0.4073,0.5887,0.3977,0.8997,0.2938,0.4607,0.7212,0.3401,0.4521,0.3825,0.4081
0.8,Orthodox,None,0.8090,1.1946,0.8042,0.8049,0.8112,0.6829,0.6891,0.4081,0.5885,0.3985,0.9092,0.2936,0.4638,0.7247,0.3401,0.4521,0.3878,0.4081
0.8333333333333334,Orthodox,None,0.8093,1.1012,0.8042,0.8044,0.8079,0.6829,0.6891,0.4083,0.5883,0.3994,0.8990,0.2935,0.4587,0.7211,0.3400,0.4498,0.3875,0.4080
0.8666666666666667,Orthodox,None,0.8091,1.1638,0.8046,0.8064,0.8083,0.6831,0.6891,0.4085,0.5880,0.4029,0.8999,0.2930,0.4627,0.7189,0.3399,0.4502,0.3873,0.4077
0.9,Orthodox,None,0.8090,1.1685,0.8073,0.8064,0.8086,0.6840,0.6891,0.4094,0.5879,0.4041,0.9094,0.2927,0.4640,0.7213,0.3396,0.4508,0.3874,0.4072
0.9333333333333333,Orthodox,None,0.8097,1.1894,0.8073,0.8078,0.8100,0.6843,0.6892,0.4100,0.5878,0.4049,0.9133,0.2927,0.4663,0.7205,0.3396,0.4512,0.3873,0.4071
0.9666666666666667,Orthodox,None,0.8084,1.1909,0.8072,0.8103,0.8110,0.6843,0.6892,0.4104,0.5878,0.4068,0.9375,0.2927,0.4679,0.7361,0.3396,0.4514,0.3865,0.4070
1.0,Orthodox,None,0.8084,1.1894,0.8074,0.8104,0.8111,0.6843,0.6891,0.4102,0.5877,0.4069,0.9335,0.2926,0.4680,0.7347,0.3396,0.4521,0.3840,0.4070
1.0333333333333334,Orthodox,None,0.8076,1.1882,0.8077,0.8096,0.8112,0.6843,0.6891,0.4102,0.5877,0.4068,0.9483,0.2925,0.4661,0.7412,0.3396,0.4516,0.3842,0.4070
1.0666666666666667,Orthodox,None,0.8058,1.1878,0.8079,0.8091,0.8118,0.6843,0.6890,0.4104,0.5877,0.4056,0.9431,0.2925,0.4655,0.7330,0.3396,0.4517,0.3811,0.4070
1.1,Orthodox,None,0.8084,1.2021,0.8079,0.8092,0.8142,0.6839,0.6890,0.4108,0.5877,0.4053,0.9367,0.2924,0.4647,0.7268,0.3396,0.4519,0.3803,0.4069
1.1333333333333333,Orthodox,None,0.8103,1.2242,0.8076,0.8092,0.8148,0.6832,0.6890,0.4114,0.5877,0.4048,0.9312,0.2924,0.4637,0.7224,0.3396,0.4520,0.3805,0.4069
1.1666666666666667,Orthodox,None,0.8127,1.2192,0.8076,0.8094,0.8149,0.6829,0.6890,0.4120,0.5877,0.4034,0.9116,0.2924,0.4623,0.7208,0.3395,0.4520,0.3810,0.4069
1.2,Orthodox,None,0.8138,1.2187,0.8076,0.8095,0.8155,0.6829,0.6890,0.4121,0.5878,0.4035,0.9116,0.2921,0.4622,0.7205,0.3393,0.4520,0.3812,0.4066
1.2333333333333334,Orthodox,None,0.8137,1.2333,0.8078,0.8095,0.8167,0.6829,0.6889,0.4121,0.5882,0.4039,0.9128,0.2918,0.4644,0.7204,0.3390,0.4528,0.3796,0.4064
1.2666666666666666,Orthodox,None,0.8149,1.2409,0.8080,0.8095,0.8212,0.6829,0.6895,0.4129,0.5886,0.4042,0.9135,0.2915,0.4628,0.7232,0.3389,0.4528,0.3814,0.4063
1.3,Orthodox,None,0.8151,1.2382,0.8080,0.8095,0.8205,0.6829,0.6897,0.4126,0.5887,0.4065,0.9164,0.2915,0.4629,0.7230,0.3388,0.4526,0.3808,0.4063
1.3333333333333333,Orthodox,None,0.8305,1.2386,0.8078,0.8167,0.8210,0.6828,0.6909,0.4131,0.5891,0.4063,0.9358,0.2926,0.4617,0.7348,0.3396,0.4507,0.3809,0.4074
1.3666666666666667,Orthodox,None,0.7721,1.0559,0.8045,0.8215,0.8198,0.6823,0.6949,0.4144,0.5914,0.4053,0.8704,0.3002,0.4665,0.6800,0.3408,0.4596,0.3774,0.4079
1.4,Orthodox,Lead Hook,0.6174,0.8072,0.7778,0.8358,0.8663,0.6731,0.7093,0.4117,0.5975,0.4005,0.8095,0.3341,0.4595,0.7698,0.3448,0.4625,0.3811,0.4105
1.4333333333333333,Orthodox,None,0.5959,0.6869,0.7166,0.8412,0.8942,0.6653,0.7217,0.4112,0.5981,0.3978,0.8134,0.3699,0.4537,0.8102,0.3458,0.4624,0.4021,0.4112
1.4666666666666666,Orthodox,None,0.5850,0.5161,0.6481,0.7677,0.8896,0.6365,0.7215,0.3993,0.5965,0.4291,0.9312,0.4340,0.4540,0.8549,0.3319,0.4626,0.4019,0.4111
1.5,Orthodox,Lead Uppercut,0.5920,0.4633,0.6187,0.7309,0.8834,0.6180,0.7074,0.3998,0.5722,0.4062,0.5996,0.4375,0.3755,0.7750,0.3172,0.4406,0.4008,0.4017
1.5333333333333334,Orthodox,Lead Uppercut,0.5868,0.4540,0.5822,0.6919,0.8779,0.6030,0.6910,0.4208,0.5400,0.3852,0.5924,0.4399,0.3545,0.7651,0.3051,0.4279,0.4179,0.3758
1.5666666666666667,Orthodox,Lead Uppercut,0.5818,0.4349,0.5611,0.6716,0.8288,0.5660,0.6730,0.4330,0.5069,0.3871,0.5269,0.4299,0.3470,0.7469,0.2991,0.4266,0.4315,0.3458
1.6,Orthodox,Rear Uppercut,0.5737,0.3982,0.5367,0.6572,0.7753,0.5485,0.6539,0.4319,0.4816,0.3882,0.4512,0.4231,0.3089,0.6780,0.2913,0.4239,0.4284,0.3210
1.6333333333333333,Orthodox,Rear Uppercut,0.5666,0.3684,0.5238,0.6522,0.7345,0.5538,0.6401,0.4310,0.4724,0.3846,0.4266,0.4118,0.2807,0.6496,0.2896,0.4092,0.4270,0.3194
1.6666666666666667,Orthodox,Rear Uppercut,0.5625,0.3432,0.5247,0.6477,0.7218,0.5656,0.6322,0.4318,0.4800,0.3846,0.4128,0.4110,0.2749,0.6388,0.2889,0.4059,0.4286,0.3200
1.7,Orthodox,Rear Uppercut,0.5598,0.3525,0.5243,0.6351,0.7224,0.5756,0.6357,0.4355,0.4937,0.3892,0.4172,0.4279,0.2819,0.6309,0.2971,0.4089,0.4271,0.3293
1.7333333333333334,Orthodox,None,0.5603,0.3398,0.5361,0.6305,0.7244,0.5797,0.6418,0.4342,0.5017,0.3894,0.4144,0.4412,0.2800,0.6315,0.3133,0.4116,0.4259,0.3347
1.7666666666666666,Orthodox,None,0.5663,0.3400,0.5490,0.6357,0.7352,0.5940,0.6439,0.4432,0.5050,0.4044,0.4014,0.4465,0.2955,0.6432,0.3195,0.4132,0.4382,0.3383
1.8,Orthodox,None,0.5720,0.3858,0.5507,0.6276,0.7572,0.5797,0.6428,0.4505,0.4968,0.4135,0.4431,0.4368,0.3424,0.7031,0.3232,0.4371,0.4413,0.3346
1.8333333333333333,Orthodox,None,0.5694,0.3994,0.5318,0.6170,0.7586,0.5388,0.6381,0.4525,0.4775,0.4209,0.4489,0.4293,0.3799,0.7362,0.3225,0.4397,0.4430,0.3211
1.8666666666666667,Orthodox,None,0.5688,0.3727,0.5186,0.6051,0.7292,0.5298,0.6315,0.4524,0.4564,0.4187,0.4446,0.4056,0.3684,0.7004,0.3077,0.4394,0.4443,0.3012
1.9,Orthodox,None,0.5703,0.3588,0.5108,0.6059,0.7224,0.5283,0.6260,0.4558,0.4424,0.4177,0.4498,0.3906,0.3628,0.7055,0.2935,0.4363,0.4484,0.2905
1.9333333333333333,Orthodox,None,0.5713,0.3669,0.5145,0.6118,0.7273,0.5353,0.6251,0.4622,0.4491,0.4184,0.4807,0.3919,0.3784,0.6902,0.2965,0.4376,0.4541,0.2956
1.9666666666666666,Orthodox,None,0.5715,0.3734,0.5217,0.6155,0.7300,0.5397,0.6269,0.4616,0.4576,0.4185,0.4746,0.3941,0.3727,0.6960,0.3031,0.4352,0.4527,0.3027
2.0,Orthodox,None,0.5809,0.3671,0.5258,0.6279,0.7323,0.5435,0.6342,0.4607,0.4581,0.4253,0.4390,0.4068,0.3698,0.6961,0.3172,0.4405,0.4526,0.3032
2.033333333333333,Orthodox,None,0.5813,0.3687,0.5283,0.6252,0.7683,0.5451,0.6397,0.4720,0.4627,0.4380,0.4449,0.4088,0.3682,0.7333,0.3218,0.4444,0.4601,0.3052
2.066666666666667,Orthodox,None,0.5791,0.3852,0.5209,0.6210,0.7730,0.5373,0.6403,0.4749,0.4608,0.4384,0.4636,0.4085,0.3731,0.7505,0.3204,0.4471,0.4648,0.3046
2.1,Orthodox,None,0.5773,0.3865,0.5091,0.6215,0.7677,0.5324,0.6402,0.4735,0.4577,0.4395,0.4600,0.4031,0.3716,0.7427,0.3149,0.4462,0.4647,0.3018
2.1333333333333333,Orthodox,None,0.5731,0.3882,0.4974,0.6201,0.7521,0.5265,0.6382,0.4644,0.4497,0.4379,0.4436,0.3954,0.3657,0.7333,0.3047,0.4385,0.4594,0.2971
2.1666666666666665,Orthodox,None,0.5722,0.3896,0.4867,0.6174,0.7493,0.5089,0.6377,0.4553,0.4388,0.4368,0.4293,0.3844,0.3597,0.7215,0.2915,0.4312,0.4464,0.2819
2.2,Orthodox,None,0.5712,0.3967,0.4766,0.6154,0.7444,0.4993,0.6314,0.4488,0.4288,0.4327,0.4306,0.3809,0.3560,0.7111,0.2814,0.4278,0.4414,0.2742
2.2333333333333334,Orthodox,None,0.5698,0.4042,0.4742,0.6119,0.7481,0.4941,0.6314,0.4503,0.4241,0.4329,0.4247,0.3804,0.3518,0.7027,0.2755,0.4263,0.4414,0.2766
2.2666666666666666,Orthodox,None,0.5688,0.4113,0.4763,0.6118,0.7536,0.5001,0.6316,0.4571,0.4280,0.4351,0.4272,0.3815,0.3523,0.7027,0.2795,0.4228,0.4445,0.2785
2.3,Orthodox,None,0.5696,0.4187,0.4821,0.6132,0.7531,0.5050,0.6318,0.4546,0.4321,0.4422,0.4236,0.3828,0.3569,0.6805,0.2802,0.4226,0.4423,0.2812
2.3333333333333335,Orthodox,None,0.5718,0.4060,0.4838,0.6197,0.7369,0.5099,0.6338,0.4387,0.4369,0.4461,0.4157,0.3896,0.3592,0.6747,0.2901,0.4225,0.4232,0.2870
2.3666666666666667,Orthodox,None,0.5735,0.3849,0.4886,0.6293,0.7293,0.5244,0.6372,0.4342,0.4402,0.4457,0.4124,0.3946,0.3607,0.6767,0.2992,0.4227,0.4180,0.2897
2.4,Orthodox,None,0.5750,0.3840,0.4896,0.6292,0.7305,0.5235,0.6378,0.4343,0.4398,0.4455,0.4128,0.3944,0.3727,0.6856,0.2995,0.4342,0.4336,0.2894
2.433333333333333,Orthodox,None,0.5749,0.3922,0.4830,0.6229,0.7349,0.5093,0.6368,0.4379,0.4323,0.4441,0.4158,0.3845,0.3724,0.6847,0.2925,0.4400,0.4367,0.2838
2.466666666666667,Orthodox,None,0.5719,0.3948,0.4758,0.6213,0.7329,0.5031,0.6343,0.4382,0.4284,0.4288,0.4224,0.3812,0.3631,0.6852,0.2817,0.4364,0.4378,0.2812
2.5,Orthodox,None,0.5715,0.4194,0.4692,0.6193,0.7452,0.4986,0.6325,0.4406,0.4280,0.4226,0.4331,0.3785,0.3597,0.6862,0.2754,0.4298,0.4336,0.2777
2.533333333333333,Orthodox,None,0.5736,0.4237,0.4691,0.6194,0.7469,0.4953,0.6304,0.4425,0.4237,0.4265,0.4302,0.3771,0.3591,0.6766,0.2761,0.4280,0.4243,0.2744
2.566666666666667,Orthodox,None,0.5770,0.4334,0.4706,0.6215,0.7450,0.4973,0.6284,0.4426,0.4239,0.4273,0.4282,0.3781,0.3581,0.6855,0.2774,0.4215,0.4245,0.2737
2.6,Orthodox,None,0.5766,0.4310,0.4724,0.6215,0.7445,0.4984,0.6266,0.4427,0.4243,0.4310,0.4243,0.3764,0.3570,0.6715,0.2783,0.4215,0.4211,0.2744
2.6333333333333333,Orthodox,None,0.5779,0.4361,0.4735,0.6221,0.7429,0.4994,0.6255,0.4422,0.4250,0.4316,0.4235,0.3767,0.3572,0.6674,0.2769,0.4218,0.4207,0.2740
2.6666666666666665,Orthodox,None,0.5791,0.4479,0.4742,0.6234,0.7429,0.5000,0.6247,0.4423,0.4251,0.4322,0.4236,0.3772,0.3572,0.6697,0.2770,0.4195,0.4213,0.2744
2.7,Orthodox,None,0.5790,0.4450,0.4746,0.6246,0.7421,0.5005,0.6237,0.4425,0.4255,0.4323,0.4243,0.3773,0.3573,0.6701,0.2763,0.4181,0.4215,0.2741
2.7333333333333334,Orthodox,None,0.5804,0.4444,0.4760,0.6251,0.7429,0.5006,0.6216,0.4425,0.4252,0.4320,0.4260,0.3773,0.3559,0.6708,0.2755,0.4153,0.4214,0.2728
2.7666666666666666,Orthodox,None,0.5816,0.4479,0.4775,0.6409,0.7498,0.5035,0.6218,0.4418,0.4254,0.4314,0.4275,0.3758,0.3539,0.6856,0.2745,0.4138,0.4228,0.2724
2.8,Orthodox,None,0.5802,0.4474,0.5280,0.6681,0.7464,0.5201,0.6194,0.4302,0.4348,0.4314,0.4237,0.3683,0.3531,0.6860,0.2692,0.4044,0.4152,0.2768
2.8333333333333335,Orthodox,None,0.5138,0.4246,0.6162,0.6632,0.6477,0.5558,0.6157,0.4229,0.4542,0.4187,0.4249,0.3652,0.3532,0.6659,0.2591,0.4126,0.4136,0.2834
2.8666666666666667,Orthodox,Jab,0.4876,0.4484,0.6770,0.6149,0.5361,0.5734,0.6131,0.4242,0.4619,0.4026,0.5360,0.3622,0.3789,0.6346,0.2590,0.4178,0.4146,0.2905
2.9,Orthodox,Jab,0.5125,0.4472,0.6410,0.6341,0.5406,0.5626,0.6137,0.4258,0.4591,0.4055,0.5185,0.3574,0.3772,0.6352,0.2573,0.4213,0.4439,0.2896
2.933333333333333,Orthodox,None,0.5566,0.5305,0.5561,0.6389,0.7543,0.5105,0.6141,0.4340,0.4510,0.4084,0.4917,0.3569,0.3606,0.6663,0.2540,0.4205,0.4423,0.2850
2.966666666666667,Orthodox,None,0.5602,0.5451,0.5099,0.6389,0.8077,0.4910,0.6142,0.4515,0.4428,0.4099,0.4807,0.3563,0.3524,0.6753,0.2514,0.4200,0.4414,0.2819
3.0,Orthodox,None,0.5595,0.5239,0.5412,0.6532,0.7801,0.5127,0.6106,0.4493,0.4425,0.4149,0.4738,0.3568,0.3472,0.6805,0.2485,0.4164,0.4369,0.2799
3.033333333333333,Orthodox,None,0.5169,0.5307,0.6519,0.6223,0.6065,0.5636,0.6096,0.4487,0.4538,0.4036,0.4855,0.3562,0.3742,0.6396,0.2471,0.4249,0.4372,0.2822
3.066666666666667,Orthodox,Jab,0.4811,0.4798,0.6827,0.6065,0.5913,0.5733,0.6066,0.4338,0.4580,0.4029,0.5074,0.3563,0.3982,0.6237,0.2477,0.4246,0.4291,0.2843
3.1,Orthodox,None,0.5221,0.4985,0.6505,0.6378,0.7394,0.5615,0.6071,0.4313,0.4562,0.3977,0.5002,0.3533,0.3700,0.6808,0.2482,0.4215,0.4297,0.2842
3.1333333333333333,Orthodox,None,0.5526,0.5499,0.5231,0.6537,0.8106,0.5036,0.6072,0.4427,0.4510,0.3967,0.4998,0.3509,0.3556,0.6896,0.2467,0.4185,0.4308,0.2824
3.1666666666666665,Orthodox,None,0.5440,0.5278,0.5373,0.6649,0.7784,0.5249,0.6058,0.4426,0.4513,0.4028,0.4553,0.3429,0.3542,0.6683,0.2374,0.4176,0.4305,0.2823
3.2,Orthodox,Jab,0.5053,0.5419,0.6737,0.5717,0.6204,0.5671,0.5964,0.4402,0.4586,0.3927,0.4581,0.3443,0.3555,0.5874,0.2382,0.4291,0.4305,0.2865
3.2333333333333334,Orthodox,Jab,0.4960,0.4589,0.6736,0.5895,0.6385,0.5740,0.5975,0.4272,0.4632,0.3950,0.4627,0.3446,0.3558,0.6074,0.2395,0.4259,0.4265,0.2877
3.2666666666666666,Orthodox,None,0.5304,0.4767,0.5734,0.6235,0.7494,0.5404,0.6025,0.4276,0.4628,0.3939,0.4684,0.3456,0.3469,0.6884,0.2408,0.4192,0.4279,0.2874
3.3,Orthodox,None,0.5427,0.4876,0.5128,0.6180,0.7970,0.5026,0.6069,0.4298,0.4498,0.3913,0.4740,0.3547,0.3453,0.7009,0.2512,0.4207,0.4313,0.2832
3.3333333333333335,Orthodox,None,0.5443,0.4883,0.4918,0.6095,0.7936,0.4975,0.6078,0.4305,0.4419,0.3923,0.4753,0.3545,0.3458,0.6997,0.2511,0.4233,0.4350,0.2794
3.3666666666666667,Orthodox,None,0.5432,0.4895,0.4880,0.6038,0.7992,0.4964,0.6079,0.4308,0.4414,0.3919,0.4806,0.3487,0.3491,0.7130,0.2485,0.4198,0.4339,0.2781
3.4,Orthodox,None,0.5427,0.4883,0.4859,0.6027,0.7981,0.4926,0.6080,0.4309,0.4403,0.3917,0.4845,0.3459,0.3495,0.7235,0.2485,0.4164,0.4334,0.2778
3.433333333333333,Orthodox,None,0.5463,0.5069,0.5019,0.6187,0.7901,0.4998,0.6074,0.4293,0.4408,0.3918,0.4841,0.3453,0.3500,0.7228,0.2470,0.4093,0.4327,0.2778
3.466666666666667,Orthodox,None,0.5401,0.4949,0.5544,0.6582,0.7482,0.5336,0.6073,0.4196,0.4410,0.4008,0.4647,0.3403,0.3500,0.7200,0.2375,0.4093,0.4246,0.2766
3.5,Orthodox,Jab,0.4941,0.5304,0.6570,0.6505,0.6035,0.5606,0.6073,0.4202,0.4483,0.3996,0.4672,0.3403,0.3693,0.6527,0.2357,0.4094,0.4277,0.2786
3.533333333333333,Orthodox,Jab,0.5100,0.5528,0.6491,0.6580,0.6182,0.5651,0.6130,0.4207,0.4553,0.4055,0.4853,0.3555,0.3682,0.6388,0.2382,0.4189,0.4301,0.2846
3.566666666666667,Orthodox,None,0.6349,0.5756,0.5936,0.7128,0.7034,0.5434,0.6292,0.4332,0.4598,0.3922,0.5519,0.4343,0.2989,0.6387,0.2823,0.4162,0.4208,0.3001
3.6,Orthodox,Cross,0.6430,0.6244,0.5435,0.6891,0.7369,0.4862,0.6310,0.4611,0.4248,0.4424,0.6471,0.5920,0.3041,0.5692,0.4377,0.4221,0.4150,0.3408
3.6333333333333333,Orthodox,Cross + Lead Hook,0.6396,0.6754,0.6312,0.6796,0.7438,0.4991,0.6304,0.4746,0.4136,0.4910,0.6065,0.6697,0.3628,0.5555,0.5147,0.4256,0.4163,0.3667
3.6666666666666665,Orthodox,Cross + Lead Hook,0.6340,0.6410,0.5135,0.6936,0.7874,0.4689,0.6325,0.4769,0.4282,0.4433,0.5778,0.5528,0.3265,0.6565,0.4047,0.4213,0.4164,0.3426
3.7,Orthodox,Lead Hook,0.6255,0.5852,0.5200,0.6859,0.7949,0.4842,0.6319,0.4738,0.4485,0.4032,0.5640,0.4562,0.3283,0.7339,0.3125,0.4169,0.4318,0.3266
3.7333333333333334,Orthodox,None,0.5674,0.5419,0.5072,0.6392,0.7937,0.4930,0.6238,0.4652,0.4488,0.4011,0.5468,0.3853,0.3392,0.7240,0.2669,0.4148,0.4335,0.3017
3.7666666666666666,Orthodox,None,0.5594,0.5338,0.4979,0.6426,0.7940,0.4930,0.6166,0.4530,0.4466,0.3987,0.5314,0.3631,0.3416,0.7279,0.2517,0.4082,0.4353,0.2883
3.8,Orthodox,None,0.5438,0.4705,0.5503,0.6758,0.7232,0.5384,0.6067,0.4331,0.4507,0.4015,0.4744,0.3491,0.3422,0.6909,0.2375,0.4009,0.4309,0.2869
3.8333333333333335,Orthodox,Jab,0.4910,0.4884,0.6781,0.6019,0.5516,0.5787,0.6067,0.4333,0.4647,0.4034,0.4874,0.3505,0.3808,0.6583,0.2387,0.4231,0.4349,0.2897
3.8666666666666667,Orthodox,None,0.6048,0.5430,0.6214,0.7119,0.6976,0.5632,0.6310,0.4448,0.4675,0.3834,0.4891,0.3874,0.3125,0.6589,0.2506,0.4219,0.4350,0.3015
3.9,Orthodox,Cross,0.6540,0.6278,0.5297,0.7034,0.7057,0.4745,0.6347,0.4667,0.4341,0.4384,0.6184,0.5685,0.3382,0.5521,0.4112,0.4247,0.4272,0.3336
3.933333333333333,Orthodox,Cross + Lead Hook,0.6520,0.7019,0.5374,0.6881,0.7625,0.4813,0.6382,0.4860,0.4254,0.4781,0.6504,0.6549,0.3993,0.5827,0.4911,0.4354,0.4275,0.3589
3.966666666666667,Orthodox,Cross,0.6555,0.6974,0.5100,0.6982,0.8117,0.4744,0.6455,0.4892,0.4331,0.4583,0.5928,0.5543,0.3326,0.6023,0.4049,0.4326,0.4211,0.3440
4.0,Orthodox,Lead Hook,0.6391,0.6259,0.5133,0.6985,0.8110,0.4846,0.6429,0.4851,0.4444,0.4373,0.5140,0.4690,0.3233,0.6580,0.3383,0.4311,0.4212,0.3289
4.033333333333333,Orthodox,Lead Hook,0.6089,0.5376,0.5145,0.6951,0.8018,0.4980,0.6418,0.4666,0.4499,0.4150,0.4926,0.3970,0.3380,0.6935,0.2809,0.4330,0.4222,0.3079
4.066666666666666,Orthodox,None,0.5701,0.5119,0.4971,0.6487,0.7961,0.4995,0.6322,0.4525,0.4506,0.4067,0.4875,0.3692,0.3514,0.7036,0.2641,0.4326,0.4223,0.2899
4.1,Orthodox,None,0.5536,0.5221,0.4849,0.6325,0.8001,0.4905,0.6242,0.4468,0.4472,0.4042,0.4849,0.3617,0.3515,0.7200,0.2548,0.4281,0.4261,0.2880
4.133333333333334,Orthodox,None,0.5607,0.5237,0.4904,0.6392,0.7910,0.4932,0.6189,0.4368,0.4440,0.4049,0.4852,0.3540,0.3514,0.7262,0.2496,0.4157,0.4270,0.2849
4.166666666666667,Orthodox,None,0.5385,0.4693,0.5340,0.6651,0.7455,0.5241,0.6115,0.4211,0.4454,0.4058,0.4634,0.3455,0.3609,0.7108,0.2441,0.4134,0.4249,0.2828
4.2,Orthodox,Jab,0.4808,0.4472,0.6459,0.6459,0.5876,0.5670,0.6097,0.4228,0.4593,0.5079,0.4554,0.3393,0.3742,0.5084,0.2406,0.4143,0.4110,0.2859
4.233333333333333,Orthodox,Jab,0.4952,0.4700,0.6712,0.6431,0.5720,0.5742,0.6106,0.4249,0.4613,0.4867,0.4845,0.3545,0.4145,0.5175,0.2481,0.4204,0.4112,0.2909
4.266666666666667,Orthodox,Jab,0.5981,0.5302,0.6526,0.7185,0.7007,0.5572,0.6316,0.4305,0.4646,0.4303,0.4851,0.4081,0.3299,0.6285,0.2749,0.4204,0.4152,0.3003
4.3,Orthodox,Cross,0.6468,0.5763,0.5028,0.7178,0.7634,0.4916,0.6400,0.4616,0.4589,0.4317,0.4871,0.5133,0.3085,0.6069,0.3405,0.4231,0.4155,0.3215
4.333333333333333,Orthodox,Cross,0.6542,0.6205,0.4826,0.7096,0.8078,0.4730,0.6409,0.5011,0.4240,0.4588,0.6111,0.6526,0.4266,0.6372,0.4944,0.4360,0.4262,0.3520
4.366666666666666,Orthodox,Cross + Lead Hook,0.6479,0.6123,0.4979,0.7030,0.8282,0.4663,0.6457,0.5038,0.4290,0.4552,0.5772,0.5603,0.3636,0.6529,0.3987,0.4360,0.4315,0.3402
4.4,Orthodox,Lead Hook,0.6338,0.6089,0.5098,0.7016,0.8178,0.4789,0.6437,0.4933,0.4472,0.4161,0.5611,0.4511,0.3442,0.7112,0.3168,0.4349,0.4326,0.3299
4.433333333333334,Orthodox,None,0.5708,0.5429,0.5008,0.6551,0.8048,0.4843,0.6291,0.4572,0.4496,0.4017,0.5556,0.3690,0.4019,0.7117,0.2597,0.4402,0.4443,0.3019
4.466666666666667,Orthodox,None,0.5391,0.5198,0.4811,0.6102,0.8034,0.4872,0.6197,0.4397,0.4500,0.3933,0.5463,0.3448,0.3928,0.7081,0.2458,0.4399,0.4525,0.2915
4.5,Orthodox,None,0.5348,0.5050,0.4775,0.6113,0.7985,0.4868,0.6155,0.4315,0.4475,0.3916,0.5293,0.3449,0.3864,0.7141,0.2433,0.4371,0.4527,0.2856
4.533333333333333,Orthodox,None,0.5474,0.5096,0.4818,0.6134,0.7837,0.4882,0.6135,0.4224,0.4447,0.3965,0.5256,0.3471,0.3834,0.7248,0.2470,0.4325,0.4544,0.2823
4.566666666666666,Orthodox,None,0.5240,0.4576,0.5177,0.6756,0.7119,0.5202,0.6113,0.4185,0.4448,0.4061,0.7885,0.3400,0.3980,0.7169,0.2441,0.4313,0.4352,0.2823
4.6,Orthodox,Jab,0.5226,0.4583,0.6512,0.6305,0.4878,0.5640,0.6050,0.4185,0.4515,0.4113,0.6163,0.3435,0.4208,0.5555,0.2392,0.4311,0.4347,0.2853
4.633333333333334,Orthodox,None,0.5595,0.5228,0.6274,0.7131,0.5906,0.5628,0.6218,0.4191,0.4583,0.4043,0.5535,0.3871,0.3451,0.6361,0.2591,0.4242,0.4344,0.2951
4.666666666666667,Orthodox,Cross + Rear Uppercut,0.6458,0.6672,0.5583,0.7320,0.6554,0.5453,0.6339,0.4496,0.4622,0.4028,0.5057,0.5021,0.2976,0.6035,0.3318,0.4221,0.4325,0.3166
4.7,Orthodox,Cross,0.6506,0.8199,0.4988,0.6945,0.7379,0.4785,0.6438,0.4950,0.4256,0.4267,0.5071,0.6476,0.3458,0.5020,0.4902,0.4345,0.4580,0.3606
4.733333333333333,Orthodox,Cross,0.7232,0.8355,0.5508,0.6923,0.7327,0.4896,0.6425,0.4981,0.4251,0.4890,0.5115,0.6407,0.3581,0.5399,0.4995,0.4320,0.4571,0.3752
4.766666666666667,Orthodox,Cross,0.8510,0.7700,0.5065,0.7908,0.6660,0.4669,0.6469,0.4905,0.4344,0.4722,0.5356,0.5603,0.3291,0.6953,0.4174,0.4141,0.4556,0.3551
4.8,Orthodox,Jab,0.9283,0.6084,0.6569,0.7981,0.5221,0.5674,0.6448,0.4839,0.4770,0.4061,0.5734,0.4692,0.3307,0.7762,0.3294,0.4045,0.4791,0.3464
4.833333333333333,Orthodox,Jab + Lead Hook,0.9236,0.4459,0.7479,0.8173,0.4844,0.6234,0.6441,0.4839,0.4949,0.3932,0.5707,0.4204,0.3734,0.6537,0.2904,0.4189,0.5024,0.3330
4.866666666666666,Orthodox,Jab + Lead Hook,0.5145,0.3769,0.6833,0.6984,0.5510,0.6012,0.6205,0.4830,0.4877,0.3924,0.4803,0.3842,0.3777,0.5963,0.2738,0.4239,0.5099,0.3163
4.9,Orthodox,Lead Hook,0.5508,0.4281,0.5784,0.6625,0.7177,0.5729,0.6215,0.4589,0.4763,0.3950,0.4676,0.3736,0.3763,0.6706,0.2761,0.4262,0.4888,0.2967
4.933333333333334,Orthodox,None,0.5483,0.4562,0.4919,0.6125,0.7631,0.5059,0.6167,0.4416,0.4430,0.3968,0.4719,0.3731,0.3657,0.6907,0.2684,0.4206,0.4447,0.2766
4.966666666666667,Orthodox,None,0.5465,0.4454,0.4809,0.6095,0.7514,0.4870,0.6131,0.4313,0.4327,0.3977,0.4771,0.3595,0.3633,0.6949,0.2574,0.4207,0.4335,0.2734
5.0,Orthodox,None,0.5391,0.4517,0.4752,0.6010,0.7588,0.4840,0.6115,0.4273,0.4319,0.3986,0.4738,0.3564,0.3630,0.6941,0.2572,0.4210,0.4300,0.2722
5.033333333333333,Orthodox,None,0.5388,0.4589,0.4730,0.6022,0.7625,0.4773,0.6118,0.4258,0.4297,0.3982,0.4747,0.3529,0.3609,0.7048,0.2508,0.4209,0.4322,0.2737
5.066666666666666,Orthodox,None,0.5452,0.4609,0.4814,0.6202,0.7665,0.4807,0.6105,0.4251,0.4286,0.3994,0.4766,0.3611,0.3583,0.7233,0.2531,0.4154,0.4258,0.2742
5.1,Orthodox,None,0.5340,0.4621,0.5055,0.6653,0.7463,0.4923,0.6066,0.4178,0.4305,0.4049,0.4782,0.3417,0.3599,0.7255,0.2462,0.4082,0.4215,0.2735
5.133333333333334,Orthodox,Jab,0.4926,0.4748,0.6352,0.6065,0.5301,0.5493,0.6016,0.4198,0.4345,0.4264,0.4817,0.3401,0.3956,0.5634,0.2406,0.4127,0.4219,0.2758
5.166666666666667,Orthodox,None,0.5215,0.5221,0.6060,0.6873,0.6552,0.5464,0.6110,0.4207,0.4496,0.3966,0.4855,0.3794,0.3283,0.5861,0.2483,0.4087,0.4225,0.2860
5.2,Orthodox,Cross,0.6104,0.6824,0.5100,0.6860,0.7054,0.4804,0.6125,0.4449,0.4307,0.4130,0.4759,0.5368,0.3281,0.5133,0.3579,0.4093,0.4231,0.3117
5.233333333333333,Orthodox,Cross,0.7053,0.8202,0.5533,0.6700,0.7063,0.4880,0.6128,0.4678,0.4249,0.4728,0.5063,0.6057,0.3334,0.5710,0.4545,0.4096,0.4244,0.3336
5.266666666666667,Orthodox,Cross,0.8527,0.8239,0.5531,0.7520,0.6942,0.4870,0.6163,0.4740,0.4381,0.4535,0.5504,0.5146,0.3148,0.7078,0.3768,0.3941,0.4360,0.3231
5.3,Orthodox,Jab,0.9661,0.7380,0.6680,0.7930,0.5853,0.5642,0.6163,0.4760,0.4700,0.3961,0.5543,0.4208,0.3118,0.7752,0.3069,0.3882,0.5073,0.3188
5.333333333333333,Orthodox,Jab + Lead Hook,0.8302,0.4627,0.6953,0.7640,0.4595,0.5918,0.6047,0.4732,0.4835,0.3723,0.5576,0.3855,0.3328,0.7669,0.2763,0.3894,0.5285,0.3185
5.366666666666666,Orthodox,Lead Hook,0.4706,0.3342,0.6460,0.6888,0.5076,0.5761,0.6054,0.4770,0.4768,0.3727,0.5226,0.3759,0.3367,0.6656,0.2727,0.3913,0.5268,0.3058
5.4,Orthodox,Lead Hook,0.4996,0.3413,0.6356,0.6456,0.6348,0.5683,0.5999,0.4413,0.4739,0.3690,0.5206,0.3682,0.3369,0.7157,0.2675,0.3954,0.5168,0.2909
5.433333333333334,Orthodox,None,0.5119,0.3725,0.5523,0.6089,0.7165,0.5451,0.5954,0.4337,0.4583,0.3708,0.5072,0.3586,0.3308,0.7163,0.2603,0.3970,0.4865,0.2806
5.466666666666667,Orthodox,None,0.5212,0.4151,0.5035,0.5885,0.7742,0.5213,0.5939,0.4353,0.4438,0.3748,0.4925,0.3551,0.3264,0.7239,0.2534,0.3977,0.4725,0.2736
5.5,Orthodox,None,0.5237,0.4243,0.4842,0.5882,0.7672,0.5081,0.5931,0.4365,0.4337,0.3770,0.4883,0.3557,0.3272,0.7243,0.2516,0.3980,0.4552,0.2686
5.533333333333333,Orthodox,None,0.5250,0.4284,0.4817,0.5875,0.7549,0.5079,0.5923,0.4373,0.4305,0.3846,0.4772,0.3579,0.3276,0.7227,0.2522,0.3983,0.4479,0.2693
5.566666666666666,Orthodox,None,0.5307,0.4209,0.4834,0.5884,0.7482,0.5100,0.5920,0.4344,0.4314,0.3906,0.4684,0.3629,0.3287,0.7160,0.2544,0.4044,0.4466,0.2717
5.6,Orthodox,None,0.5391,0.4173,0.4845,0.5920,0.7377,0.5071,0.5958,0.4349,0.4308,0.3946,0.4703,0.3636,0.3431,0.6844,0.2567,0.4147,0.4469,0.2730
5.633333333333334,Orthodox,None,0.5448,0.4217,0.4855,0.5990,0.7483,0.5021,0.6033,0.4357,0.4311,0.3988,0.4714,0.3666,0.3476,0.6855,0.2588,0.4166,0.4454,0.2740
5.666666666666667,Orthodox,None,0.5474,0.4391,0.4879,0.6115,0.7653,0.5029,0.6046,0.4337,0.4319,0.3980,0.4727,0.3643,0.3541,0.6927,0.2536,0.4193,0.4459,0.2743
5.7,Orthodox,None,0.5430,0.4386,0.5071,0.6657,0.7367,0.5046,0.6046,0.4219,0.4322,0.4072,0.4716,0.3557,0.3699,0.6932,0.2505,0.4190,0.4344,0.2746
5.733333333333333,Orthodox,Jab,0.5131,0.4455,0.6436,0.6576,0.5072,0.5563,0.6045,0.4231,0.4475,0.4232,0.4751,0.3577,0.4182,0.5180,0.2488,0.4237,0.4355,0.2777
5.766666666666667,Orthodox,None,0.5863,0.5562,0.6011,0.7050,0.6915,0.5492,0.6313,0.4274,0.4570,0.4209,0.4789,0.4335,0.3423,0.5227,0.3020,0.4235,0.4363,0.2972
5.8,Orthodox,Cross,0.6463,0.7343,0.5202,0.6856,0.7492,0.4577,0.6328,0.4706,0.4300,0.4323,0.4831,0.5981,0.3759,0.4964,0.4322,0.4264,0.4357,0.3360
5.833333333333333,Orthodox,Cross,0.8011,0.7911,0.5077,0.7145,0.7236,0.4721,0.6315,0.4697,0.4308,0.4893,0.4801,0.5853,0.3560,0.5564,0.4272,0.4256,0.4362,0.3402
5.866666666666666,Orthodox,Cross,0.8904,0.6940,0.5772,0.7672,0.6087,0.4888,0.6299,0.4673,0.4552,0.4453,0.5299,0.5135,0.3293,0.7150,0.3971,0.4056,0.4459,0.3283
5.9,Orthodox,Lead Hook,0.7519,0.3114,0.6563,0.7811,0.4652,0.5730,0.6325,0.4676,0.4769,0.4064,0.5908,0.4129,0.3796,0.7843,0.3070,0.4195,0.5256,0.3274
5.933333333333334,Orthodox,Jab,0.5493,0.2666,0.6641,0.7472,0.3940,0.5831,0.6016,0.4856,0.4793,0.4050,0.5716,0.3878,0.4216,0.6595,0.2907,0.4490,0.5338,0.3244
5.966666666666667,Orthodox,Lead Hook,0.5070,0.3171,0.6488,0.7235,0.4858,0.5823,0.6043,0.4907,0.4735,0.3972,0.5203,0.3708,0.4061,0.6178,0.2686,0.4426,0.5446,0.3051
6.0,Orthodox,None,0.5457,0.3692,0.6456,0.7192,0.6286,0.5664,0.6056,0.4561,0.4729,0.3945,0.5015,0.3650,0.3995,0.6279,0.2665,0.4392,0.5078,0.2907
6.033333333333333,Orthodox,None,0.5468,0.3710,0.5246,0.6581,0.7368,0.5219,0.6064,0.4339,0.4450,0.3869,0.4983,0.3681,0.3654,0.6924,0.2668,0.4254,0.4655,0.2788
6.066666666666666,Orthodox,None,0.5379,0.4269,0.4863,0.6131,0.7723,0.4880,0.6057,0.4296,0.4346,0.3849,0.4981,0.3701,0.3486,0.7041,0.2591,0.4145,0.4393,0.2753
6.1,Orthodox,None,0.5336,0.4293,0.4780,0.5972,0.7610,0.4843,0.6042,0.4280,0.4266,0.3869,0.4974,0.3670,0.3496,0.6994,0.2564,0.4118,0.4256,0.2715
6.133333333333334,Orthodox,None,0.5326,0.4315,0.4710,0.5998,0.7497,0.4816,0.6031,0.4236,0.4245,0.3877,0.4963,0.3626,0.3466,0.7066,0.2535,0.4074,0.4202,0.2671
6.166666666666667,Orthodox,None,0.5341,0.4357,0.4728,0.6008,0.7501,0.4835,0.6029,0.4220,0.4228,0.3889,0.4933,0.3645,0.3473,0.7043,0.2520,0.4018,0.4135,0.2668
6.2,Orthodox,None,0.5321,0.4440,0.4711,0.6022,0.7670,0.4806,0.6032,0.4230,0.4202,0.3905,0.4935,0.3641,0.3480,0.7239,0.2517,0.4033,0.4198,0.2666
6.233333333333333,Orthodox,None,0.5335,0.4477,0.4748,0.6045,0.7608,0.4847,0.6034,0.4234,0.4231,0.3918,0.4933,0.3642,0.3491,0.7195,0.2502,0.4066,0.4219,0.2680
6.266666666666667,Orthodox,None,0.5342,0.4477,0.4777,0.6077,0.7545,0.4808,0.6034,0.4192,0.4244,0.4027,0.4752,0.3620,0.3497,0.6862,0.2427,0.4104,0.4206,0.2692
6.3,Orthodox,None,0.5416,0.4517,0.4823,0.6147,0.7562,0.4832,0.6125,0.4227,0.4250,0.3695,0.5551,0.3346,0.3455,0.6786,0.2056,0.4108,0.4210,0.2756
6.333333333333333,Orthodox,None,0.5972,0.4517,0.4944,0.6882,0.7520,0.4941,0.6380,0.4598,0.4338,0.1901,0.7933,0.2358,0.2789,0.6050,0.1958,0.4109,0.4226,0.3050
6.366666666666666,Orthodox,None,0.6467,0.4767,0.5020,0.7138,0.7835,0.5018,0.6676,0.4963,0.4435,0.0720,0.6673,0.2892,0.2598,0.5636,0.2182,0.4282,0.4284,0.3389
6.4,Orthodox,Cross,0.6213,0.4878,0.5027,0.7059,0.8020,0.5140,0.6589,0.5013,0.4478,0.3277,0.4881,0.5367,0.2834,0.4841,0.3632,0.4419,0.4286,0.3407
6.433333333333334,Orthodox,Cross,0.5963,0.4977,0.5087,0.6594,0.8254,0.5134,0.6542,0.4986,0.4467,0.3768,0.4337,0.5359,0.2956,0.5040,0.3688,0.4448,0.4282,0.3355
6.466666666666667,Orthodox,Cross,0.5727,0.4766,0.5070,0.6291,0.8183,0.5124,0.6512,0.4941,0.4486,0.3593,0.4453,0.5004,0.2829,0.5396,0.3370,0.4416,0.4275,0.3287
6.5,Orthodox,Cross,0.5623,0.4716,0.5076,0.6208,0.8145,0.5118,0.6498,0.4901,0.4558,0.3547,0.4625,0.4528,0.2898,0.6367,0.2965,0.4292,0.4326,0.3268
6.533333333333333,Orthodox,None,0.5642,0.4935,0.5075,0.6370,0.8085,0.5072,0.6372,0.4662,0.4539,0.3685,0.4705,0.3766,0.3156,0.6750,0.2580,0.4191,0.4353,0.3068
6.566666666666666,Orthodox,None,0.5648,0.4906,0.5136,0.6690,0.7787,0.5096,0.6243,0.4441,0.4519,0.3711,0.4729,0.3422,0.3329,0.6630,0.2328,0.4143,0.4314,0.2903
6.6,Orthodox,None,0.5140,0.4340,0.5756,0.6850,0.6863,0.5546,0.6144,0.4260,0.4540,0.3745,0.4912,0.3053,0.3587,0.6489,0.2116,0.4117,0.4329,0.2804
6.633333333333334,Orthodox,Jab,0.4948,0.4381,0.6605,0.6339,0.5108,0.5718,0.6163,0.4293,0.4619,0.3541,0.6341,0.2357,0.4004,0.5788,0.2056,0.4165,0.4289,0.2848
6.666666666666667,Orthodox,None,0.5099,0.4421,0.6195,0.7099,0.5432,0.5781,0.6400,0.4334,0.4710,0.2748,0.7489,0.1783,0.3763,0.5823,0.1956,0.4268,0.4237,0.2985
6.7,Orthodox,None,0.6138,0.5907,0.5588,0.7480,0.7847,0.5505,0.6813,0.4957,0.4727,0.1489,0.6939,0.2548,0.3114,0.5664,0.2132,0.4372,0.4311,0.3446
6.733333333333333,Orthodox,Cross,0.6491,0.6490,0.5226,0.7253,0.8707,0.4980,0.6835,0.5353,0.4699,0.0478,0.6084,0.4367,0.2571,0.5112,0.3576,0.4490,0.4365,0.3548
6.766666666666667,Orthodox,Cross + Lead Hook + Rear Uppercut,0.6389,0.6059,0.5158,0.7148,0.8793,0.5071,0.6740,0.5340,0.4691,0.3738,0.3699,0.5986,0.2728,0.4506,0.4613,0.4489,0.4507,0.3664
6.8,Orthodox,Cross + Lead Hook,0.6220,0.5833,0.5129,0.6891,0.8606,0.5105,0.6706,0.5227,0.4679,0.4238,0.3641,0.5623,0.2830,0.4913,0.4104,0.4486,0.4394,0.3547
6.833333333333333,Orthodox,Cross,0.6034,0.5755,0.5145,0.6547,0.8524,0.5121,0.6676,0.5191,0.4674,0.3858,0.4029,0.5012,0.2839,0.5368,0.3625,0.4455,0.4370,0.3539
6.866666666666666,Orthodox,None,0.5711,0.5170,0.5044,0.6254,0.8430,0.5084,0.6511,0.4895,0.4621,0.3830,0.4056,0.4693,0.2952,0.6185,0.3162,0.4373,0.4245,0.3208
6.9,Orthodox,None,0.5602,0.4466,0.5019,0.6113,0.7849,0.5085,0.6373,0.4667,0.4504,0.3851,0.4197,0.3922,0.3163,0.6560,0.2674,0.4317,0.4255,0.2978
6.933333333333334,Orthodox,None,0.5516,0.4472,0.4923,0.6196,0.7675,0.5080,0.6253,0.4370,0.4435,0.3799,0.4523,0.3589,0.3336,0.6796,0.2507,0.4270,0.4267,0.2905
6.966666666666667,Orthodox,None,0.5446,0.4485,0.4901,0.6207,0.7644,0.5035,0.6205,0.4334,0.4415,0.3745,0.4533,0.3417,0.3343,0.6731,0.2357,0.4223,0.4288,0.2878
7.0,Orthodox,None,0.5429,0.4523,0.4912,0.6216,0.7576,0.5029,0.6131,0.4252,0.4385,0.3717,0.4749,0.3354,0.3411,0.6846,0.2339,0.4156,0.4317,0.2856
7.033333333333333,Orthodox,None,0.5391,0.4483,0.4928,0.6254,0.7424,0.5035,0.6108,0.4170,0.4397,0.3749,0.4796,0.3373,0.3476,0.6796,0.2302,0.4159,0.4287,0.2834
7.066666666666666,Orthodox,None,0.5369,0.4420,0.4949,0.6276,0.7385,0.5065,0.6102,0.4155,0.4379,0.3775,0.4833,0.3309,0.3489,0.6708,0.2293,0.4158,0.4289,0.2819
7.1,Orthodox,None,0.4593,0.3180,0.6033,0.6113,0.4893,0.5443,0.6089,0.4165,0.4390,0.4340,0.4451,0.3210,0.3744,0.6120,0.2194,0.4152,0.4484,0.2791
7.133333333333334,Orthodox,None,0.4924,0.2807,0.5881,0.6664,0.4223,0.5406,0.5997,0.4196,0.4393,0.3629,1.0099,0.3236,0.3700,0.8430,0.2306,0.3982,0.5414,0.2820
7.166666666666667,Orthodox,Cross,0.5486,0.3281,0.5144,0.7244,0.4529,0.4546,0.5961,0.4472,0.3960,0.3858,0.8795,0.5539,0.3895,0.8872,0.4220,0.4007,0.5761,0.3628
7.2,Orthodox,Cross,0.6023,0.3526,0.5181,0.7359,0.5233,0.4616,0.5898,0.4589,0.3969,0.4554,0.6479,0.5510,0.4371,0.8813,0.5101,0.3926,0.5688,0.3736
7.233333333333333,Orthodox,Cross,0.6112,0.3700,0.5182,0.7272,0.6384,0.4695,0.6008,0.4575,0.4060,0.4736,0.5462,0.5369,0.4267,0.8406,0.4835,0.3944,0.5395,0.3595
7.266666666666667,Orthodox,Cross,0.6072,0.4054,0.5167,0.7102,0.7068,0.4773,0.6190,0.4375,0.4181,0.4445,0.5470,0.5116,0.4127,0.8246,0.4293,0.4088,0.4504,0.3480
7.3,Orthodox,Lead Hook,0.5959,0.4369,0.5118,0.6760,0.7374,0.4828,0.6251,0.4363,0.4364,0.4257,0.5306,0.4849,0.3757,0.8039,0.4110,0.4137,0.4322,0.3293
7.333333333333333,Orthodox,Rear Uppercut,0.5912,0.4585,0.5010,0.6337,0.7595,0.4855,0.6297,0.4337,0.4529,0.4103,0.5045,0.4272,0.3544,0.7533,0.3062,0.4186,0.4149,0.3186
7.366666666666666,Orthodox,Rear Uppercut,0.5650,0.4713,0.4900,0.6153,0.7447,0.4847,0.6288,0.4317,0.4508,0.4020,0.5051,0.3855,0.3570,0.6569,0.2670,0.4279,0.4089,0.3012
7.4,Orthodox,None,0.5390,0.4637,0.4680,0.5903,0.7442,0.4755,0.6287,0.4318,0.4487,0.3990,0.5066,0.3672,0.3600,0.6454,0.2515,0.4302,0.4107,0.2931
7.433333333333334,Orthodox,None,0.5317,0.4599,0.4649,0.5848,0.7385,0.4712,0.6280,0.4320,0.4460,0.3979,0.5022,0.3562,0.3611,0.6175,0.2496,0.4330,0.4098,0.2828
7.466666666666667,Orthodox,None,0.5351,0.4522,0.4639,0.5903,0.7364,0.4728,0.6275,0.4258,0.4452,0.3971,0.4977,0.3568,0.3622,0.6106,0.2498,0.4366,0.4076,0.2835
7.5,Orthodox,None,0.5349,0.4312,0.4654,0.5972,0.7320,0.4756,0.6271,0.4236,0.4422,0.3969,0.4970,0.3601,0.3645,0.6206,0.2547,0.4380,0.4111,0.2829
7.533333333333333,Orthodox,None,0.5371,0.4154,0.4641,0.6036,0.7185,0.4770,0.6267,0.4191,0.4401,0.3990,0.4991,0.3626,0.3671,0.6219,0.2566,0.4396,0.4123,0.2844
7.566666666666666,Orthodox,None,0.5383,0.4124,0.4667,0.6062,0.7178,0.4772,0.6264,0.4184,0.4401,0.3996,0.4998,0.3676,0.3678,0.6078,0.2562,0.4389,0.4125,0.2841
7.6,Orthodox,None,0.5385,0.4116,0.4690,0.6077,0.7167,0.4783,0.6263,0.4173,0.4400,0.3985,0.5004,0.3654,0.3676,0.6141,0.2563,0.4382,0.4125,0.2842
7.633333333333334,Orthodox,None,0.5390,0.4123,0.4686,0.6084,0.7165,0.4762,0.6261,0.4170,0.4362,0.3981,0.5076,0.3619,0.3677,0.6146,0.2549,0.4377,0.4126,0.2834
7.666666666666667,Orthodox,None,0.5392,0.4136,0.4681,0.6089,0.7175,0.4761,0.6261,0.4171,0.4344,0.3981,0.5159,0.3635,0.3677,0.6697,0.2561,0.4370,0.4138,0.2814
7.7,Orthodox,None,0.5395,0.4151,0.4671,0.6095,0.7186,0.4763,0.6260,0.4171,0.4335,0.3993,0.5188,0.3640,0.3702,0.6778,0.2538,0.4364,0.4144,0.2799
7.733333333333333,Orthodox,None,0.5396,0.4155,0.4677,0.6097,0.7181,0.4762,0.6259,0.4167,0.4324,0.4028,0.5188,0.3647,0.3731,0.6790,0.2548,0.4356,0.4142,0.2800
7.766666666666667,Orthodox,None,0.5400,0.4148,0.4679,0.6097,0.7178,0.4752,0.6255,0.4165,0.4312,0.4049,0.5199,0.3647,0.3748,0.6848,0.2547,0.4333,0.4145,0.2804
7.8,Orthodox,None,0.5403,0.4153,0.4681,0.6100,0.7188,0.4753,0.6255,0.4166,0.4303,0.4053,0.5210,0.3638,0.3751,0.6906,0.2549,0.4294,0.4148,0.2805
7.833333333333333,Orthodox,None,0.5413,0.4166,0.4684,0.6103,0.7187,0.4748,0.6249,0.4165,0.4303,0.4065,0.5186,0.3638,0.3751,0.6816,0.2543,0.4287,0.4143,0.2803
7.866666666666666,Orthodox,None,0.5414,0.4190,0.4684,0.6103,0.7185,0.4748,0.6238,0.4161,0.4301,0.4064,0.5181,0.3637,0.3734,0.6809,0.2538,0.4263,0.4132,0.2803
7.9,Orthodox,None,0.5426,0.4273,0.4667,0.6104,0.7184,0.4738,0.6233,0.4161,0.4305,0.4063,0.5179,0.3635,0.3732,0.6784,0.2541,0.4261,0.4127,0.2805
7.933333333333334,Orthodox,None,0.5430,0.4379,0.4661,0.6110,0.7187,0.4739,0.6227,0.4157,0.4316,0.4052,0.5189,0.3638,0.3731,0.6767,0.2545,0.4261,0.4127,0.2806
7.966666666666667,Orthodox,None,0.5439,0.4396,0.4662,0.6125,0.7187,0.4740,0.6223,0.4149,0.4314,0.4052,0.5189,0.3638,0.3734,0.6587,0.2546,0.4261,0.4124,0.2808
8.0,Orthodox,None,0.5443,0.4391,0.4663,0.6133,0.7193,0.4740,0.6223,0.4146,0.4313,0.4049,0.5221,0.3638,0.3735,0.6679,0.2548,0.4258,0.4131,0.2809
8.033333333333333,Orthodox,None,0.5470,0.4398,0.4665,0.6174,0.7194,0.4741,0.6223,0.4146,0.4317,0.4049,0.5192,0.3649,0.3732,0.6573,0.2549,0.4265,0.4125,0.2809
8.066666666666666,Orthodox,None,0.5528,0.4504,0.4741,0.6269,0.7207,0.4787,0.6227,0.4145,0.4329,0.4050,0.5173,0.3742,0.3727,0.6640,0.2558,0.4259,0.4100,0.2822
8.1,Orthodox,None,0.5630,0.4525,0.4814,0.6531,0.7231,0.4831,0.6251,0.4150,0.4380,0.4051,0.5030,0.4076,0.3251,0.6703,0.2801,0.4217,0.4099,0.2895
8.133333333333333,Orthodox,Cross,0.6082,0.5436,0.4815,0.7005,0.7250,0.4636,0.6281,0.4267,0.4262,0.4551,0.4468,0.5376,0.3242,0.5232,0.3597,0.4217,0.4089,0.3126
8.166666666666666,Orthodox,Cross,0.6281,0.7018,0.4812,0.6791,0.7247,0.4613,0.6399,0.4628,0.4202,0.4935,0.4133,0.6039,0.3462,0.4521,0.4450,0.4361,0.4104,0.3346
8.2,Orthodox,Cross,0.6193,1.0718,0.4928,0.6695,0.8571,0.4462,0.6576,0.5621,0.4211,0.4817,0.3703,0.5335,0.3561,0.5199,0.4002,0.4490,0.4452,0.3571
8.233333333333333,Orthodox,None,0.5410,0.9582,0.5828,0.6264,0.9592,0.5091,0.6532,0.6471,0.4885,0.4686,0.3890,0.4704,0.3383,0.4507,0.3367,0.4735,0.4598,0.3585
8.266666666666667,Orthodox,None,0.4924,0.5923,0.5815,0.5771,0.8957,0.5625,0.6231,0.6007,0.5010,0.4668,0.4514,0.4080,0.4142,0.6696,0.2905,0.4884,0.4881,0.3589
8.3,Orthodox,None,0.4743,0.4629,0.5665,0.5266,0.8753,0.5572,0.6171,0.5663,0.4915,0.4164,0.4316,0.3852,0.3642,0.5467,0.2693,0.4854,0.4123,0.3490
8.333333333333334,Orthodox,Lead Uppercut,0.5024,0.4096,0.5507,0.5585,0.8298,0.5344,0.6173,0.4681,0.4805,0.4111,0.3889,0.3676,0.3184,0.5452,0.2566,0.4608,0.4040,0.3348
8.366666666666667,Orthodox,None,0.5127,0.4518,0.4984,0.5750,0.8031,0.4880,0.6103,0.4312,0.4543,0.4017,0.3980,0.3772,0.3072,0.5944,0.2564,0.4147,0.4026,0.3012
8.4,Orthodox,None,0.5187,0.4566,0.4776,0.5811,0.7743,0.4740,0.6045,0.4175,0.4317,0.4014,0.4006,0.3736,0.3150,0.6544,0.2545,0.4016,0.4038,0.2757
8.433333333333334,Orthodox,Lead Uppercut,0.5174,0.4324,0.4665,0.5869,0.7415,0.4788,0.6031,0.4080,0.4257,0.4004,0.4115,0.3602,0.3179,0.6653,0.2511,0.4055,0.4071,0.2685
8.466666666666667,Orthodox,None,0.5334,0.4672,0.4660,0.6402,0.7455,0.4804,0.6050,0.4188,0.4251,0.3936,0.4573,0.3611,0.3184,0.7033,0.2496,0.3986,0.4224,0.2700
8.5,Orthodox,None,0.5776,0.4898,0.4684,0.6860,0.7491,0.4567,0.6115,0.4261,0.4279,0.3986,0.4662,0.4210,0.2988,0.6805,0.2975,0.3997,0.4222,0.2790
8.533333333333333,Orthodox,Cross,0.6062,0.5615,0.5047,0.6744,0.7527,0.4625,0.6141,0.4460,0.4138,0.5000,0.4934,0.6059,0.3262,0.5257,0.4449,0.4034,0.4232,0.3240
8.566666666666666,Orthodox,Cross,0.6176,0.7297,0.4949,0.6614,0.7793,0.4419,0.6212,0.4830,0.4058,0.4912,0.4852,0.6224,0.3443,0.5184,0.4394,0.4157,0.4245,0.3509
8.6,Orthodox,Cross,0.6227,0.8929,0.5099,0.6572,0.8616,0.4452,0.6347,0.5640,0.4191,0.4429,0.4792,0.5388,0.2839,0.5273,0.4130,0.4244,0.4402,0.3442
8.633333333333333,Orthodox,None,0.5511,0.9405,0.5617,0.6333,0.9623,0.4826,0.6094,0.6433,0.4717,0.4762,0.8905,0.4054,0.4565,0.7675,0.2614,0.4726,0.4959,0.3418
8.666666666666666,Orthodox,None,0.5137,0.6800,0.6126,0.5570,0.9485,0.5722,0.5944,0.5903,0.4910,0.4086,0.7039,0.3445,0.4081,0.7180,0.2329,0.4415,0.4868,0.3370
8.7,Orthodox,None,0.4344,0.4817,0.5736,0.4785,0.8890,0.5686,0.5921,0.5695,0.4944,0.4174,0.8083,0.3421,0.4365,0.7691,0.2420,0.4521,0.4829,0.3346
8.733333333333333,Orthodox,None,0.4409,0.4632,0.5598,0.5161,0.7983,0.5494,0.5911,0.4874,0.4833,0.3971,0.6832,0.3468,0.4114,0.7269,0.2423,0.4502,0.4676,0.3224
8.766666666666667,Orthodox,Rear Uppercut,0.4708,0.4019,0.5318,0.5370,0.7583,0.5367,0.5934,0.4374,0.4736,0.3767,0.4800,0.3400,0.3461,0.6794,0.2375,0.4231,0.4251,0.3044
8.8,Orthodox,None,0.4838,0.4209,0.4979,0.5473,0.7366,0.5098,0.5920,0.4111,0.4501,0.3674,0.4659,0.3428,0.3243,0.6777,0.2371,0.4020,0.4159,0.2862
8.833333333333334,Orthodox,None,0.4914,0.4194,0.4708,0.5539,0.6952,0.4734,0.5900,0.4040,0.4368,0.3667,0.4720,0.3467,0.3232,0.6793,0.2363,0.3984,0.4190,0.2717
8.866666666666667,Orthodox,Rear Uppercut,0.5003,0.4243,0.4610,0.5571,0.7046,0.4691,0.5877,0.4024,0.4229,0.3742,0.4505,0.3436,0.3207,0.6835,0.2381,0.3950,0.4199,0.2619
8.9,Orthodox,Rear Uppercut,0.5035,0.4155,0.4577,0.5601,0.7172,0.4713,0.5889,0.4101,0.4183,0.3736,0.4540,0.3404,0.3197,0.6915,0.2393,0.3969,0.4210,0.2647
8.933333333333334,Orthodox,None,0.5103,0.4201,0.4577,0.5661,0.7250,0.4716,0.5894,0.4093,0.4184,0.3744,0.4617,0.3421,0.3196,0.7064,0.2386,0.3991,0.4224,0.2661
8.966666666666667,Orthodox,None,0.5161,0.4107,0.4642,0.5674,0.7300,0.4667,0.5900,0.4089,0.4166,0.3763,0.4648,0.3462,0.3212,0.7029,0.2411,0.4011,0.4227,0.2681
9.0,Orthodox,None,0.5191,0.4059,0.4680,0.5771,0.7304,0.4706,0.5926,0.4065,0.4192,0.3782,0.4522,0.3482,0.3217,0.7012,0.2412,0.4023,0.4223,0.2714
9.033333333333333,Orthodox,None,0.5210,0.4127,0.4680,0.5828,0.7327,0.4691,0.5944,0.4106,0.4216,0.3786,0.4501,0.3498,0.3244,0.6970,0.2415,0.4045,0.4254,0.2717
9.066666666666666,Orthodox,None,0.5235,0.4087,0.4680,0.5896,0.7296,0.4679,0.5980,0.4131,0.4227,0.3797,0.4558,0.3499,0.3285,0.6920,0.2400,0.4071,0.4322,0.2705
9.1,Orthodox,None,0.5279,0.4113,0.4692,0.5899,0.7310,0.4694,0.5992,0.4148,0.4237,0.3804,0.4571,0.3508,0.3289,0.6919,0.2401,0.4087,0.4345,0.2714
9.133333333333333,Orthodox,None,0.5284,0.4091,0.4698,0.5911,0.7303,0.4684,0.5996,0.4158,0.4233,0.3826,0.4554,0.3503,0.3294,0.6883,0.2398,0.4088,0.4345,0.2714
9.166666666666666,Orthodox,None,0.5327,0.4106,0.4693,0.5916,0.7307,0.4676,0.6000,0.4165,0.4238,0.3827,0.4546,0.3499,0.3297,0.6882,0.2400,0.4098,0.4344,0.2718
9.2,Orthodox,None,0.5326,0.4129,0.4698,0.5928,0.7308,0.4674,0.6005,0.4171,0.4239,0.3829,0.4556,0.3502,0.3298,0.6874,0.2401,0.4099,0.4344,0.2719
9.233333333333333,Orthodox,None,0.5342,0.4172,0.4717,0.6304,0.7300,0.4768,0.6005,0.4155,0.4240,0.3831,0.4517,0.3429,0.3299,0.6899,0.2380,0.4042,0.4337,0.2710
9.266666666666667,Orthodox,None,0.5317,0.4165,0.5432,0.6588,0.6795,0.5159,0.5985,0.4027,0.4281,0.3866,0.4451,0.3288,0.3308,0.6918,0.2285,0.4005,0.4179,0.2707
9.3,Orthodox,Jab,0.4861,0.4451,0.6270,0.6362,0.5277,0.5430,0.5949,0.4035,0.4364,0.4792,0.4708,0.3164,0.3913,0.5421,0.2179,0.4006,0.4014,0.2709
9.333333333333334,Orthodox,Jab,0.4634,0.4634,0.6598,0.5640,0.4912,0.5615,0.5850,0.3985,0.4433,0.4412,0.4947,0.3092,0.4125,0.5859,0.2155,0.4118,0.4019,0.2730
9.366666666666667,Orthodox,Jab,0.4722,0.4700,0.6549,0.5729,0.5204,0.5571,0.5863,0.3985,0.4424,0.4273,0.5009,0.3061,0.4033,0.5077,0.2173,0.4105,0.3919,0.2731
9.4,Orthodox,None,0.4786,0.4619,0.6200,0.6122,0.6051,0.5457,0.5870,0.3941,0.4415,0.4244,0.4384,0.3100,0.4021,0.5485,0.2173,0.4105,0.3943,0.2733
9.433333333333334,Orthodox,None,0.5269,0.4600,0.5750,0.6375,0.7157,0.5333,0.5922,0.3951,0.4410,0.4085,0.4438,0.3137,0.3749,0.6556,0.2171,0.4094,0.3946,0.2713
9.466666666666667,Orthodox,None,0.5467,0.5123,0.4951,0.6397,0.7493,0.4901,0.5930,0.4025,0.4365,0.3995,0.4503,0.3157,0.3743,0.6816,0.2179,0.4190,0.4086,0.2711
9.5,Orthodox,None,0.5477,0.5195,0.4766,0.6386,0.7717,0.4707,0.5961,0.4103,0.4343,0.3935,0.4558,0.3160,0.3662,0.6844,0.2185,0.4202,0.4171,0.2712
9.533333333333333,Orthodox,None,0.5475,0.5067,0.5035,0.6518,0.7553,0.4783,0.5981,0.4103,0.4342,0.3940,0.4543,0.3172,0.3630,0.6867,0.2185,0.4193,0.4209,0.2712
9.566666666666666,Orthodox,None,0.4879,0.4530,0.5674,0.6470,0.6649,0.5207,0.5980,0.4058,0.4357,0.4260,0.6364,0.3142,0.4082,0.6869,0.2174,0.4187,0.4157,0.2713
9.6,Orthodox,Jab,0.4787,0.4548,0.6461,0.5844,0.5172,0.5573,0.5954,0.4057,0.4458,0.4220,0.5765,0.3135,0.3968,0.6215,0.2169,0.4156,0.4098,0.2736
9.633333333333333,Orthodox,Jab,0.4838,0.4488,0.6566,0.5652,0.5103,0.5594,0.5895,0.4061,0.4450,0.4090,0.5655,0.3096,0.4039,0.5684,0.2159,0.4155,0.3940,0.2741
9.666666666666666,Orthodox,Rear Uppercut,0.4801,0.4436,0.6363,0.5800,0.5247,0.5505,0.5899,0.4047,0.4447,0.4214,0.4959,0.3058,0.4010,0.5609,0.2126,0.4160,0.3947,0.2730
9.7,Orthodox,Rear Uppercut,0.5209,0.4571,0.5691,0.6266,0.7232,0.5348,0.5913,0.4050,0.4436,0.4054,0.4877,0.3052,0.3790,0.6007,0.2124,0.4237,0.4023,0.2723
9.733333333333333,Orthodox,Rear Uppercut,0.5392,0.5173,0.4869,0.6329,0.7783,0.4830,0.5930,0.4092,0.4434,0.3922,0.4878,0.3048,0.3777,0.6789,0.2107,0.4232,0.4189,0.2733
9.766666666666667,Orthodox,Rear Uppercut,0.5409,0.5370,0.5145,0.6455,0.7695,0.4925,0.5930,0.4100,0.4404,0.3885,0.4860,0.3054,0.3699,0.6867,0.2103,0.4255,0.4193,0.2729
9.8,Orthodox,None,0.5019,0.4811,0.5695,0.6452,0.6933,0.5286,0.5931,0.4065,0.4409,0.4045,0.4864,0.3044,0.3998,0.6467,0.2105,0.4252,0.4097,0.2728
9.833333333333334,Orthodox,Jab,0.4850,0.4501,0.6545,0.5821,0.4900,0.5573,0.5903,0.4002,0.4438,0.4075,0.4848,0.3048,0.4064,0.5781,0.2107,0.4248,0.3995,0.2738
9.866666666666667,Orthodox,Jab,0.4756,0.4535,0.6577,0.5683,0.4887,0.5592,0.5900,0.4035,0.4440,0.4012,0.4847,0.3048,0.4029,0.5868,0.2104,0.4229,0.4014,0.2735
9.9,Orthodox,None,0.4798,0.4242,0.6415,0.5973,0.5053,0.5532,0.5904,0.4067,0.4429,0.4024,0.4821,0.3024,0.4014,0.5921,0.2088,0.4228,0.4042,0.2730
9.933333333333334,Orthodox,None,0.5145,0.4075,0.5604,0.6241,0.6820,0.5510,0.5987,0.4078,0.4422,0.3978,0.4665,0.3028,0.3689,0.6441,0.2090,0.4211,0.4186,0.2729
9.966666666666667,Orthodox,None,0.5309,0.4085,0.4930,0.6231,0.7405,0.5077,0.6005,0.4099,0.4366,0.3956,0.4780,0.3109,0.3712,0.6731,0.2124,0.4231,0.4359,0.2729
10.0,Orthodox,None,0.5340,0.4090,0.4758,0.6056,0.7599,0.4920,0.6012,0.4164,0.4359,0.3932,0.4889,0.3149,0.3720,0.6885,0.2144,0.4257,0.4555,0.2739
10.033333333333333,Orthodox,None,0.5363,0.4077,0.4732,0.6056,0.7345,0.4886,0.6021,0.4181,0.4359,0.3923,0.4822,0.3165,0.3645,0.6813,0.2153,0.4277,0.4507,0.2750
10.066666666666666,Orthodox,None,0.5376,0.3974,0.4727,0.6021,0.7262,0.4916,0.6038,0.4180,0.4360,0.3896,0.4821,0.3180,0.3595,0.6753,0.2161,0.4290,0.4492,0.2753
10.1,Orthodox,None,0.5364,0.4040,0.4695,0.5952,0.7248,0.4874,0.6036,0.4180,0.4350,0.3894,0.4824,0.3178,0.3533,0.6390,0.2163,0.4287,0.4468,0.2758
10.133333333333333,Orthodox,None,0.5351,0.4056,0.4704,0.5923,0.7209,0.4860,0.6035,0.4182,0.4350,0.3897,0.4786,0.3176,0.3462,0.6015,0.2164,0.4290,0.4459,0.2758
10.166666666666666,Orthodox,None,0.5354,0.4054,0.4698,0.5938,0.7195,0.4867,0.6033,0.4180,0.4351,0.3874,0.4755,0.3173,0.3434,0.6048,0.2165,0.4286,0.4436,0.2753
10.2,Orthodox,None,0.5353,0.4066,0.4680,0.5946,0.7201,0.4871,0.6033,0.4178,0.4342,0.3855,0.4756,0.3171,0.3453,0.6073,0.2165,0.4284,0.4427,0.2749
10.233333333333333,Orthodox,None,0.5353,0.4080,0.4682,0.5949,0.7223,0.4854,0.6036,0.4177,0.4329,0.3825,0.4807,0.3176,0.3466,0.6112,0.2175,0.4283,0.4418,0.2744
10.266666666666667,Orthodox,None,0.5362,0.4084,0.4691,0.5957,0.7253,0.4868,0.6041,0.4178,0.4329,0.3823,0.4852,0.3189,0.3478,0.6271,0.2181,0.4278,0.4431,0.2744
10.3,Orthodox,None,0.5372,0.4093,0.4703,0.5977,0.7320,0.4878,0.6046,0.4177,0.4329,0.3823,0.4919,0.3196,0.3480,0.6550,0.2183,0.4273,0.4450,0.2744
10.333333333333334,Orthodox,None,0.5415,0.4101,0.4714,0.5992,0.7323,0.4884,0.6065,0.4186,0.4331,0.3826,0.4913,0.3202,0.3488,0.6544,0.2182,0.4279,0.4430,0.2749
10.366666666666667,Orthodox,None,0.5583,0.4203,0.4713,0.6222,0.7331,0.4888,0.6101,0.4191,0.4336,0.3829,0.4789,0.3343,0.3253,0.6623,0.2210,0.4198,0.4312,0.2763
10.4,Orthodox,None,0.5862,0.4227,0.4815,0.6552,0.7321,0.4767,0.6176,0.4235,0.4320,0.3820,0.4472,0.4236,0.2910,0.5899,0.2723,0.4145,0.4124,0.2892
10.433333333333334,Orthodox,Cross,0.6113,0.4281,0.5154,0.6624,0.7313,0.4716,0.6194,0.4299,0.4086,0.4093,0.4234,0.5496,0.3277,0.4657,0.3726,0.4232,0.3978,0.3031
10.466666666666667,Orthodox,Cross,0.6152,0.4418,0.5245,0.6648,0.7400,0.4683,0.6325,0.4440,0.4106,0.4641,0.3943,0.5994,0.3337,0.4770,0.4397,0.4250,0.3971,0.3193
10.5,Orthodox,Cross,0.6052,0.4653,0.5162,0.6557,0.7569,0.4712,0.6301,0.4511,0.4147,0.4532,0.4096,0.5018,0.3216,0.5179,0.3547,0.4256,0.3989,0.3107
10.533333333333333,Orthodox,None,0.5815,0.4861,0.5039,0.6275,0.7729,0.4795,0.6232,0.4488,0.4320,0.4018,0.4708,0.3863,0.3516,0.5997,0.2531,0.4275,0.4295,0.2921
10.566666666666666,Orthodox,None,0.5558,0.4922,0.4944,0.6175,0.7768,0.4802,0.6218,0.4472,0.4330,0.3947,0.5283,0.3341,0.3573,0.6880,0.2345,0.4268,0.4509,0.2796
10.6,Orthodox,None,0.5568,0.4857,0.4931,0.6221,0.7737,0.4825,0.6214,0.4468,0.4328,0.3932,0.5149,0.3572,0.3351,0.6631,0.2501,0.4206,0.4472,0.2799
10.633333333333333,Orthodox,None,0.5855,0.4825,0.4876,0.6502,0.7652,0.4597,0.6217,0.4466,0.4277,0.3892,0.5141,0.4684,0.3106,0.6361,0.3103,0.4166,0.4303,0.2946
10.666666666666666,Orthodox,Cross,0.6129,0.4687,0.6034,0.6660,0.7427,0.4818,0.6195,0.4603,0.4122,0.4235,0.5148,0.6253,0.3619,0.5105,0.4658,0.4169,0.4304,0.3225
10.7,Orthodox,Cross,0.6291,0.4684,0.6195,0.6736,0.7415,0.4871,0.6204,0.4613,0.3899,0.4430,0.5130,0.6440,0.3618,0.5046,0.4975,0.4212,0.4211,0.3510
10.733333333333333,Orthodox,Cross,0.6245,0.4780,0.5514,0.6696,0.7495,0.4643,0.6280,0.4635,0.3940,0.4337,0.4783,0.5716,0.3326,0.5089,0.4162,0.4212,0.4171,0.3341
10.766666666666667,Orthodox,None,0.6072,0.4816,0.5066,0.6600,0.7772,0.4625,0.6291,0.4628,0.4267,0.4084,0.4783,0.4869,0.3105,0.6097,0.3367,0.4182,0.4173,0.3203
10.8,Orthodox,None,0.5836,0.4962,0.4880,0.6473,0.7765,0.4678,0.6280,0.4496,0.4321,0.3822,0.4953,0.3869,0.3161,0.6622,0.2600,0.4191,0.4295,0.2919
10.833333333333334,Orthodox,None,0.5668,0.5268,0.4811,0.6282,0.7855,0.4684,0.6228,0.4435,0.4342,0.3700,0.5258,0.3493,0.3195,0.7244,0.2470,0.4189,0.4520,0.2810
10.866666666666667,Orthodox,None,0.5661,0.5337,0.4810,0.6289,0.7825,0.4694,0.6227,0.4423,0.4335,0.3768,0.5239,0.3779,0.3206,0.7227,0.2605,0.4161,0.4510,0.2805
10.9,Orthodox,None,0.5849,0.5257,0.4754,0.6478,0.7806,0.4619,0.6248,0.4426,0.4331,0.3796,0.5190,0.4233,0.3106,0.6945,0.2894,0.4125,0.4426,0.2821
10.933333333333334,Orthodox,Cross,0.6069,0.4968,0.5214,0.6601,0.7635,0.4572,0.6248,0.4466,0.4291,0.4517,0.4716,0.5350,0.3141,0.5559,0.3701,0.4191,0.4257,0.3110
10.966666666666667,Orthodox,Cross,0.6259,0.4954,0.6036,0.6646,0.7622,0.4895,0.6245,0.4559,0.4257,0.4819,0.4268,0.6473,0.3677,0.5034,0.4803,0.4293,0.4221,0.3371
11.0,Orthodox,Cross,0.6217,0.4948,0.5650,0.6646,0.7651,0.4868,0.6261,0.4637,0.4241,0.4841,0.4402,0.6190,0.3591,0.5013,0.4546,0.4311,0.4226,0.3320
11.033333333333333,Orthodox,None,0.6041,0.4945,0.5063,0.6563,0.7651,0.4795,0.6280,0.4629,0.4270,0.4201,0.4467,0.5093,0.3161,0.5406,0.3517,0.4301,0.4207,0.3199
11.066666666666666,Orthodox,None,0.5640,0.4825,0.4901,0.6223,0.7634,0.4805,0.6242,0.4477,0.4345,0.3911,0.4553,0.4044,0.3230,0.6430,0.2621,0.4280,0.4356,0.2940
11.1,Orthodox,None,0.5275,0.4699,0.4728,0.5887,0.7613,0.4774,0.6168,0.4326,0.4340,0.3782,0.4655,0.3299,0.3455,0.6309,0.2270,0.4330,0.4350,0.2784
11.133333333333333,Orthodox,None,0.5195,0.4626,0.4606,0.5764,0.7605,0.4683,0.6092,0.4271,0.4333,0.3734,0.4732,0.3129,0.3483,0.6295,0.2158,0.4323,0.4374,0.2715
11.166666666666666,Orthodox,None,0.5209,0.4592,0.4573,0.5784,0.7595,0.4621,0.6082,0.4236,0.4294,0.3781,0.4847,0.3111,0.3631,0.6565,0.2148,0.4327,0.4391,0.2651
11.2,Orthodox,None,0.5252,0.4378,0.4582,0.5798,0.7451,0.4612,0.6080,0.4210,0.4280,0.3807,0.4882,0.3122,0.3640,0.6583,0.2142,0.4328,0.4395,0.2684
11.233333333333333,Orthodox,None,0.5262,0.4384,0.4614,0.5838,0.7452,0.4622,0.6084,0.4223,0.4253,0.3834,0.4946,0.3173,0.3682,0.6564,0.2182,0.4337,0.4402,0.2661
11.266666666666667,Orthodox,None,0.5317,0.4394,0.4665,0.5882,0.7440,0.4688,0.6096,0.4228,0.4245,0.3851,0.4953,0.3319,0.3599,0.6674,0.2276,0.4329,0.4409,0.2658
11.3,Orthodox,None,0.5595,0.4416,0.4717,0.6304,0.7451,0.4737,0.6165,0.4273,0.4252,0.3862,0.4776,0.3806,0.3218,0.6655,0.2494,0.4228,0.4317,0.2674
11.333333333333334,Orthodox,Cross,0.5974,0.4425,0.4966,0.6625,0.7453,0.4735,0.6238,0.4344,0.4254,0.3980,0.4489,0.4746,0.3067,0.5900,0.3100,0.4225,0.4171,0.2936
11.366666666666667,Orthodox,Cross,0.6242,0.4497,0.5383,0.6737,0.7458,0.4717,0.6245,0.4505,0.4126,0.4672,0.4527,0.5936,0.3450,0.4857,0.4260,0.4244,0.4176,0.3159
11.4,Orthodox,Cross,0.6349,0.4751,0.6014,0.6744,0.7570,0.4834,0.6241,0.4681,0.4123,0.4838,0.4645,0.6209,0.3746,0.4889,0.4391,0.4249,0.4183,0.3243
11.433333333333334,Orthodox,Cross,0.6304,0.4871,0.5875,0.6701,0.7650,0.4827,0.6284,0.4700,0.4134,0.4617,0.4512,0.5861,0.3383,0.5200,0.4315,0.4275,0.4135,0.3305
11.466666666666667,Orthodox,None,0.6214,0.4860,0.5188,0.6634,0.7673,0.4873,0.6296,0.4675,0.4259,0.4031,0.4526,0.5784,0.3018,0.5879,0.3831,0.4216,0.4142,0.3266
11.5,Orthodox,None,0.5684,0.4468,0.5067,0.6338,0.7607,0.4919,0.6287,0.4583,0.4331,0.3758,0.4493,0.4214,0.3055,0.6284,0.2742,0.4194,0.4375,0.2963
11.533333333333333,Orthodox,None,0.5240,0.4483,0.4792,0.5789,0.7609,0.4853,0.6154,0.4410,0.4329,0.3710,0.4536,0.3264,0.3444,0.6404,0.2299,0.4213,0.4369,0.2800
11.566666666666666,Orthodox,None,0.5056,0.4580,0.4584,0.5718,0.7624,0.4657,0.6062,0.4305,0.4316,0.3757,0.4791,0.3144,0.3708,0.6724,0.2226,0.4219,0.4365,0.2706
11.6,Orthodox,None,0.5085,0.4580,0.4537,0.5757,0.7619,0.4625,0.6054,0.4217,0.4300,0.3731,0.4831,0.3121,0.3642,0.6688,0.2222,0.4222,0.4356,0.2692
11.633333333333333,Orthodox,None,0.5162,0.4537,0.4556,0.5813,0.7543,0.4639,0.6064,0.4202,0.4292,0.3781,0.4874,0.3179,0.3641,0.6709,0.2255,0.4245,0.4361,0.2661
11.666666666666666,Orthodox,None,0.5176,0.4424,0.4584,0.5854,0.7373,0.4633,0.6071,0.4196,0.4281,0.3816,0.4986,0.3262,0.3795,0.6779,0.2313,0.4285,0.4426,0.2670
11.7,Orthodox,None,0.5232,0.4383,0.4599,0.5870,0.7360,0.4640,0.6085,0.4196,0.4235,0.3843,0.5034,0.3269,0.3777,0.6789,0.2331,0.4316,0.4450,0.2681
11.733333333333333,Orthodox,None,0.5263,0.4363,0.4629,0.5887,0.7343,0.4645,0.6097,0.4192,0.4235,0.3876,0.5031,0.3295,0.3737,0.6728,0.2345,0.4338,0.4445,0.2683
11.766666666666667,Orthodox,None,0.5270,0.4348,0.4645,0.5899,0.7305,0.4653,0.6108,0.4196,0.4236,0.3878,0.4994,0.3298,0.3731,0.6601,0.2349,0.4364,0.4441,0.2680
11.8,Orthodox,None,0.5278,0.4255,0.4654,0.5909,0.7285,0.4672,0.6127,0.4200,0.4238,0.3902,0.4910,0.3303,0.3727,0.6591,0.2347,0.4367,0.4438,0.2681
11.833333333333334,Orthodox,None,0.5306,0.4259,0.4661,0.5913,0.7287,0.4694,0.6135,0.4203,0.4248,0.3916,0.4908,0.3341,0.3715,0.6582,0.2366,0.4371,0.4399,0.2673
11.866666666666667,Orthodox,None,0.5382,0.4271,0.4662,0.5943,0.7294,0.4711,0.6151,0.4207,0.4251,0.3953,0.4872,0.3365,0.3713,0.6575,0.2378,0.4382,0.4383,0.2673
11.9,Orthodox,None,0.5393,0.4276,0.4664,0.5975,0.7286,0.4711,0.6158,0.4209,0.4252,0.3948,0.4870,0.3366,0.3684,0.6486,0.2374,0.4383,0.4354,0.2675
11.933333333333334,Orthodox,None,0.5396,0.4280,0.4666,0.5979,0.7304,0.4712,0.6160,0.4208,0.4255,0.3950,0.4869,0.3374,0.3668,0.6486,0.2377,0.4379,0.4289,0.2676
11.966666666666667,Orthodox,None,0.5409,0.4284,0.4667,0.5988,0.7339,0.4712,0.6162,0.4208,0.4252,0.3950,0.4929,0.3376,0.3678,0.6769,0.2377,0.4375,0.4290,0.2679
12.0,Orthodox,None,0.5418,0.4285,0.4669,0.5989,0.7386,0.4720,0.6163,0.4209,0.4252,0.3937,0.4949,0.3382,0.3682,0.6782,0.2379,0.4358,0.4271,0.2680
12.033333333333333,Orthodox,None,0.5492,0.4313,0.4688,0.6135,0.7386,0.4758,0.6201,0.4208,0.4290,0.3978,0.4719,0.3321,0.3581,0.6364,0.2210,0.4354,0.4192,0.2717
12.066666666666666,Orthodox,None,0.5728,0.4347,0.4738,0.6511,0.7361,0.4853,0.6305,0.4279,0.4289,0.2878,0.6181,0.2969,0.3321,0.5601,0.1724,0.4284,0.4117,0.2819
12.1,Orthodox,None,0.6081,0.4550,0.4855,0.6896,0.7377,0.4888,0.6404,0.4535,0.4316,0.1369,0.6507,0.2312,0.2759,0.5233,0.1844,0.4283,0.4055,0.3003
12.133333333333333,Orthodox,None,0.6432,0.4830,0.4957,0.7047,0.7534,0.4923,0.6528,0.4741,0.4355,0.0670,0.6022,0.2202,0.2499,0.5112,0.2250,0.4286,0.4065,0.3151
12.166666666666666,Orthodox,Cross,0.6501,0.4891,0.4997,0.7076,0.7660,0.4946,0.6583,0.4875,0.4372,0.0648,0.5256,0.3836,0.2557,0.4688,0.3181,0.4311,0.4091,0.3223
12.2,Orthodox,Cross + Rear Hook,0.6360,0.4996,0.4985,0.6905,0.7704,0.5033,0.6572,0.4953,0.4381,0.2468,0.4260,0.5286,0.2968,0.4441,0.3669,0.4385,0.4144,0.3280
12.233333333333333,Orthodox,Cross,0.6283,0.4961,0.4981,0.6812,0.7686,0.5089,0.6553,0.4891,0.4418,0.3362,0.4275,0.5475,0.3284,0.4804,0.3779,0.4459,0.3993,0.3263
12.266666666666667,Orthodox,Cross,0.5984,0.4396,0.4991,0.6680,0.7602,0.5078,0.6541,0.4860,0.4457,0.3184,0.4377,0.4919,0.3275,0.4996,0.3392,0.4452,0.3989,0.3207
12.3,Orthodox,None,0.5703,0.4280,0.4978,0.6333,0.7562,0.5056,0.6517,0.4717,0.4449,0.3100,0.4303,0.4636,0.3127,0.5083,0.2931,0.4431,0.4002,0.3102
12.333333333333334,Orthodox,None,0.5503,0.4211,0.4785,0.6040,0.7415,0.4957,0.6361,0.4426,0.4449,0.3414,0.4368,0.3693,0.3189,0.5952,0.2465,0.4362,0.4042,0.2935
12.366666666666667,Orthodox,None,0.5346,0.4169,0.4638,0.5857,0.7305,0.4788,0.6240,0.4274,0.4352,0.3738,0.4824,0.3285,0.3620,0.5978,0.2290,0.4372,0.4064,0.2795
12.4,Orthodox,None,0.5242,0.4173,0.4524,0.5811,0.7314,0.4714,0.6182,0.4213,0.4329,0.3540,0.4821,0.2838,0.3571,0.5931,0.2062,0.4369,0.4076,0.2745
12.433333333333334,Orthodox,None,0.5308,0.4194,0.4593,0.6027,0.7339,0.4736,0.6200,0.4229,0.4325,0.3131,0.6513,0.2051,0.3585,0.6126,0.1890,0.4281,0.4079,0.2730
12.466666666666667,Orthodox,None,0.5916,0.4235,0.4854,0.6693,0.7478,0.5058,0.6359,0.4538,0.4387,0.1406,0.6790,0.1536,0.2893,0.5876,0.1964,0.4264,0.4086,0.2943
12.5,Orthodox,Cross,0.6220,0.4528,0.4979,0.6879,0.7933,0.5130,0.6507,0.4959,0.4388,0.0615,0.6180,0.3798,0.2524,0.5614,0.3398,0.4268,0.4279,0.3359
12.533333333333333,Orthodox,Cross + Rear Hook,0.6357,0.5037,0.5082,0.6911,0.8371,0.5293,0.6545,0.5249,0.4449,0.2341,0.5002,0.5718,0.2684,0.5117,0.4112,0.4309,0.4663,0.3462
12.566666666666666,Orthodox,Cross + Rear Hook,0.6225,0.5130,0.5170,0.6798,0.8499,0.5303,0.6551,0.5347,0.4492,0.4375,0.3332,0.5968,0.2865,0.3766,0.4462,0.4378,0.4742,0.3528
12.6,Orthodox,Cross,0.6188,0.5479,0.5132,0.6746,0.8389,0.5281,0.6541,0.5211,0.4513,0.3609,0.3614,0.5529,0.2853,0.4060,0.4040,0.4387,0.4508,0.3436
12.633333333333333,Orthodox,None,0.6013,0.4930,0.5167,0.6592,0.8223,0.5266,0.6579,0.5157,0.4583,0.2430,0.3994,0.4404,0.2865,0.4088,0.2889,0.4378,0.4261,0.3417
12.666666666666666,Orthodox,Rear Hook,0.5743,0.4534,0.5089,0.6291,0.7804,0.5243,0.6554,0.4862,0.4579,0.2472,0.5038,0.3163,0.3068,0.5188,0.2098,0.4332,0.4114,0.3218
12.7,Orthodox,Rear Hook,0.5411,0.4423,0.4920,0.5950,0.7586,0.5061,0.6356,0.4504,0.4522,0.2838,0.5925,0.2412,0.3585,0.6017,0.1871,0.4264,0.4082,0.2881
12.733333333333333,Orthodox,None,0.5234,0.4195,0.4740,0.5852,0.7188,0.4911,0.6153,0.4194,0.4424,0.3379,0.6385,0.2261,0.3803,0.6506,0.1993,0.4359,0.4091,0.2685
12.766666666666667,Orthodox,None,0.5176,0.4152,0.4627,0.5848,0.7242,0.4847,0.6086,0.4052,0.4332,0.3389,0.6713,0.2534,0.3806,0.6636,0.2054,0.4359,0.4102,0.2622
12.8,Orthodox,None,0.5305,0.4169,0.4647,0.5954,0.7247,0.4851,0.6141,0.4116,0.4303,0.3263,0.7102,0.2227,0.3920,0.6547,0.1961,0.4328,0.4108,0.2651
12.833333333333334,Orthodox,None,0.5685,0.4209,0.4745,0.6551,0.7288,0.4981,0.6351,0.4148,0.4318,0.2258,0.7347,0.1735,0.3539,0.6385,0.1927,0.4318,0.4111,0.2752
12.866666666666667,Orthodox,None,0.6200,0.4153,0.4939,0.6902,0.7479,0.5000,0.6588,0.4674,0.4387,0.0926,0.5964,0.3086,0.2741,0.5328,0.2715,0.4333,0.4116,0.3367
12.9,Orthodox,Cross + Rear Hook,0.6333,0.4680,0.4967,0.6942,0.8088,0.5158,0.6615,0.5020,0.4414,0.1879,0.3295,0.5642,0.2883,0.4157,0.4364,0.4426,0.4136,0.3499
12.933333333333334,Orthodox,Cross + Rear Uppercut,0.6218,0.5078,0.5046,0.6819,0.8155,0.5292,0.6582,0.5045,0.4435,0.3108,0.2740,0.5815,0.2851,0.3691,0.4463,0.4446,0.4137,0.3502
12.966666666666667,Orthodox,Cross + Rear Uppercut,0.6028,0.5056,0.5032,0.6728,0.8094,0.5250,0.6566,0.4992,0.4434,0.3174,0.3275,0.5218,0.2766,0.4130,0.3926,0.4435,0.4125,0.3422
13.0,Orthodox,None,0.5577,0.4465,0.4913,0.6147,0.7612,0.5160,0.6402,0.4518,0.4441,0.3509,0.3780,0.4125,0.2952,0.5915,0.2811,0.4279,0.4129,0.3110
13.033333333333333,Orthodox,None,0.5271,0.4404,0.4732,0.5858,0.7283,0.4873,0.6223,0.4286,0.4396,0.3661,0.4174,0.3512,0.3390,0.6026,0.2372,0.4285,0.4165,0.2818
13.066666666666666,Orthodox,None,0.5219,0.4258,0.4567,0.5813,0.7119,0.4704,0.6126,0.4126,0.4328,0.3653,0.4252,0.3285,0.3410,0.6423,0.2273,0.4223,0.4201,0.2706
13.1,Orthodox,None,0.5268,0.4075,0.4497,0.5874,0.6972,0.4596,0.6136,0.4099,0.4193,0.3772,0.4329,0.3286,0.3422,0.6160,0.2320,0.4231,0.4129,0.2671
13.133333333333333,Orthodox,None,0.5333,0.3904,0.4525,0.5950,0.6911,0.4656,0.6155,0.4137,0.4161,0.3928,0.4377,0.3445,0.3518,0.6332,0.2429,0.4226,0.4139,0.2634
13.166666666666666,Orthodox,None,0.5358,0.3934,0.4570,0.5969,0.6926,0.4709,0.6162,0.4129,0.4145,0.3960,0.4407,0.3477,0.3471,0.6526,0.2517,0.4193,0.4110,0.2650
13.2,Orthodox,None,0.5364,0.3950,0.4595,0.6011,0.6897,0.4714,0.6168,0.4119,0.4165,0.3976,0.4422,0.3513,0.3444,0.6452,0.2549,0.4200,0.4099,0.2682
13.233333333333333,Orthodox,None,0.5393,0.3955,0.4591,0.6019,0.6932,0.4710,0.6175,0.4142,0.4182,0.3935,0.4449,0.3540,0.3447,0.6461,0.2568,0.4202,0.4106,0.2674
13.266666666666667,Orthodox,None,0.5410,0.3917,0.4603,0.6034,0.6958,0.4721,0.6173,0.4154,0.4169,0.3954,0.4458,0.3546,0.3463,0.6557,0.2574,0.4198,0.4108,0.2673
13.3,Orthodox,None,0.5414,0.3925,0.4611,0.6059,0.6944,0.4734,0.6158,0.4123,0.4157,0.4066,0.4361,0.3548,0.3462,0.6479,0.2580,0.4190,0.4056,0.2661
13.333333333333334,Orthodox,None,0.5465,0.3938,0.4591,0.6092,0.6971,0.4739,0.6154,0.4133,0.4157,0.4101,0.4371,0.3557,0.3466,0.6641,0.2578,0.4173,0.4054,0.2672
13.366666666666667,Orthodox,None,0.5501,0.3957,0.4591,0.6122,0.7016,0.4743,0.6150,0.4138,0.4153,0.4103,0.4360,0.3654,0.3460,0.6695,0.2588,0.4151,0.4054,0.2666
13.4,Orthodox,None,0.5516,0.4017,0.4590,0.6140,0.7031,0.4744,0.6144,0.4144,0.4141,0.4146,0.4330,0.3671,0.3458,0.6680,0.2618,0.4126,0.4030,0.2669
13.433333333333334,Orthodox,None,0.5558,0.4023,0.4596,0.6196,0.7173,0.4748,0.6147,0.4165,0.4141,0.4191,0.4320,0.3700,0.3474,0.6688,0.2639,0.4129,0.4032,0.2674
13.466666666666667,Orthodox,None,0.5570,0.4392,0.4608,0.6435,0.7289,0.4730,0.6154,0.4156,0.4138,0.4298,0.4325,0.3759,0.3523,0.6815,0.2677,0.4130,0.4011,0.2677
13.5,Orthodox,None,0.5938,0.5665,0.4737,0.6827,0.7394,0.4636,0.6161,0.4175,0.4168,0.4240,0.4582,0.3826,0.3521,0.7076,0.2756,0.4123,0.4023,0.2680
13.533333333333333,Orthodox,None,0.7791,0.8201,0.5059,0.7033,0.7104,0.4316,0.6195,0.4330,0.4166,0.4246,0.4898,0.3930,0.3509,0.7136,0.2906,0.4113,0.4167,0.2700
13.566666666666666,Orthodox,None,0.9123,0.7615,0.5499,0.7602,0.6490,0.4527,0.6202,0.4535,0.4200,0.4200,0.5084,0.3947,0.3506,0.7314,0.2922,0.4089,0.4586,0.2733
13.6,Orthodox,Jab,0.9239,0.5668,0.6474,0.7727,0.5118,0.5409,0.6210,0.4524,0.4428,0.4063,0.5276,0.3943,0.3701,0.7222,0.2910,0.4170,0.4818,0.2786
13.633333333333333,Orthodox,Jab + Lead Hook,0.6079,0.3134,0.6710,0.7427,0.4248,0.5842,0.6189,0.4375,0.4705,0.4063,0.5243,0.3857,0.3999,0.6747,0.2889,0.4462,0.4697,0.2942
13.666666666666666,Orthodox,Jab,0.5908,0.3316,0.6732,0.7273,0.5184,0.5939,0.6188,0.4362,0.4760,0.3900,0.5469,0.3676,0.3935,0.7315,0.2713,0.4436,0.4743,0.2966
13.7,Orthodox,None,0.5758,0.3527,0.6270,0.7217,0.6697,0.5767,0.6174,0.4305,0.4664,0.3903,0.4940,0.3632,0.3870,0.6595,0.2604,0.4390,0.4700,0.2939
13.733333333333333,Orthodox,None,0.5544,0.3884,0.5301,0.6467,0.7380,0.5351,0.6141,0.4280,0.4540,0.3903,0.4939,0.3652,0.3551,0.7004,0.2595,0.4208,0.4587,0.2891
13.766666666666667,Orthodox,None,0.5496,0.4216,0.4913,0.6026,0.7621,0.4898,0.6096,0.4276,0.4319,0.3912,0.4936,0.3664,0.3474,0.7196,0.2596,0.4056,0.4360,0.2811
13.8,Orthodox,None,0.5478,0.4226,0.4820,0.6018,0.7666,0.4813,0.6091,0.4306,0.4221,0.3944,0.4854,0.3696,0.3403,0.7232,0.2587,0.4052,0.4293,0.2764
13.833333333333334,Orthodox,None,0.5562,0.4677,0.4814,0.6245,0.7753,0.4707,0.6072,0.4307,0.4144,0.3945,0.4877,0.3737,0.3297,0.7325,0.2588,0.3965,0.4240,0.2748
13.866666666666667,Orthodox,None,0.5811,0.6272,0.4858,0.6280,0.7615,0.4369,0.6050,0.4397,0.4125,0.4004,0.4892,0.3787,0.3268,0.7316,0.2648,0.3941,0.4244,0.2711
13.9,Orthodox,None,0.7101,0.7970,0.4889,0.6585,0.7661,0.4178,0.6037,0.4596,0.4082,0.4024,0.5025,0.3968,0.3275,0.7397,0.2826,0.3857,0.4319,0.2689
13.933333333333334,Orthodox,None,0.8126,0.8098,0.4914,0.6929,0.7176,0.4201,0.6029,0.4586,0.4094,0.3994,0.5190,0.3976,0.3263,0.7596,0.2904,0.3854,0.4459,0.2687
13.966666666666667,Orthodox,None,0.8958,0.7026,0.5764,0.7486,0.6390,0.4675,0.6030,0.4572,0.4257,0.3834,0.5378,0.3953,0.3278,0.7776,0.2876,0.3831,0.4602,0.2697
14.0,Orthodox,Jab + Lead Hook,0.7852,0.4414,0.6435,0.7800,0.4803,0.5584,0.6033,0.4564,0.4562,0.3780,0.5414,0.3910,0.3655,0.6681,0.2859,0.4016,0.4801,0.2789
14.033333333333333,Orthodox,Jab,0.6014,0.2366,0.6814,0.7488,0.4389,0.6070,0.5933,0.4353,0.4798,0.3800,0.5374,0.3896,0.4024,0.6516,0.2904,0.4314,0.4780,0.2980
14.066666666666666,Orthodox,Jab + Lead Hook,0.5006,0.2772,0.6791,0.7030,0.4956,0.6098,0.5969,0.4506,0.4820,0.3815,0.5557,0.3890,0.3946,0.6591,0.2926,0.4327,0.5118,0.3080
14.1,Orthodox,None,0.5129,0.3402,0.6567,0.7049,0.5936,0.6073,0.5977,0.4550,0.4874,0.3825,0.5610,0.3860,0.3944,0.6943,0.2856,0.4300,0.5204,0.3060
14.133333333333333,Orthodox,None,0.5345,0.3795,0.5885,0.6614,0.7130,0.5872,0.5999,0.4479,0.4807,0.3831,0.5326,0.3856,0.3724,0.7449,0.2870,0.4278,0.5147,0.3037
14.166666666666666,Orthodox,None,0.5375,0.3926,0.5108,0.6023,0.7364,0.5144,0.5984,0.4406,0.4395,0.3833,0.5092,0.3850,0.3439,0.7415,0.2809,0.4091,0.4579,0.2844
14.2,Orthodox,None,0.5312,0.3997,0.4873,0.5957,0.7326,0.4932,0.5920,0.4382,0.4210,0.3902,0.4872,0.3712,0.3378,0.7379,0.2688,0.4049,0.4445,0.2651
14.233333333333333,Orthodox,None,0.5335,0.4042,0.4711,0.5970,0.7508,0.4749,0.5917,0.4416,0.4105,0.3918,0.4757,0.3558,0.3335,0.7368,0.2572,0.4047,0.4406,0.2595
14.266666666666667,Orthodox,None,0.5485,0.5277,0.4711,0.6143,0.7818,0.4558,0.5916,0.4416,0.4031,0.3918,0.4766,0.3502,0.3273,0.7348,0.2503,0.3992,0.4393,0.2579
14.3,Orthodox,None,0.6797,0.7352,0.4981,0.6774,0.7612,0.4339,0.5917,0.4547,0.4089,0.3893,0.4791,0.3552,0.3219,0.7476,0.2514,0.3910,0.4436,0.2578
14.333333333333334,Orthodox,None,0.8725,0.6675,0.5810,0.7579,0.6415,0.4655,0.5944,0.4541,0.4186,0.3827,0.4838,0.3644,0.3220,0.7488,0.2599,0.3911,0.4574,0.2599
14.366666666666667,Orthodox,Jab + Lead Hook,0.7955,0.2839,0.6905,0.7595,0.4471,0.5864,0.6033,0.4537,0.4723,0.3780,0.4854,0.3807,0.3633,0.6020,0.2844,0.4063,0.4739,0.2890
14.4,Orthodox,Jab + Lead Hook,0.4852,0.1129,0.6951,0.6709,0.4140,0.6220,0.6098,0.4402,0.5027,0.3877,0.5465,0.3980,0.4079,0.5597,0.2935,0.4441,0.4649,0.3207
14.433333333333334,Orthodox,Jab + Lead Uppercut,0.5364,0.1748,0.6914,0.6715,0.4838,0.6259,0.6166,0.4403,0.5043,0.3876,0.5412,0.3976,0.4087,0.5230,0.2920,0.4460,0.4649,0.3194
14.466666666666667,Orthodox,None,0.5582,0.2680,0.6617,0.6752,0.6397,0.5992,0.6166,0.4328,0.4893,0.3944,0.4847,0.3965,0.4003,0.5634,0.2906,0.4402,0.4519,0.3124
14.5,Orthodox,None,0.5531,0.3608,0.5250,0.6546,0.7139,0.5335,0.6157,0.4307,0.4508,0.3976,0.4561,0.3824,0.3692,0.6251,0.2793,0.4358,0.4433,0.2918
14.533333333333333,Orthodox,None,0.5449,0.4645,0.4742,0.6234,0.7580,0.4686,0.6109,0.4248,0.4305,0.3971,0.4571,0.3680,0.3535,0.6585,0.2572,0.4193,0.4217,0.2686
14.566666666666666,Orthodox,None,0.5412,0.4917,0.4585,0.6116,0.7714,0.4427,0.6059,0.4251,0.4143,0.3967,0.4580,0.3568,0.3477,0.6969,0.2474,0.4095,0.4230,0.2556
14.6,Orthodox,None,0.5373,0.5033,0.4506,0.6132,0.7738,0.4294,0.6044,0.4253,0.4066,0.3969,0.4548,0.3489,0.3483,0.7004,0.2429,0.4070,0.4206,0.2555
14.633333333333333,Orthodox,None,0.5461,0.6055,0.4665,0.6174,0.7618,0.4184,0.6008,0.4257,0.4014,0.3967,0.4540,0.3432,0.3412,0.6958,0.2428,0.4037,0.4183,0.2516
14.666666666666666,Orthodox,None,0.6660,0.8857,0.4803,0.6622,0.7439,0.4288,0.6002,0.4302,0.3987,0.3966,0.4521,0.3409,0.3321,0.6999,0.2428,0.3921,0.4259,0.2489
14.7,Orthodox,None,0.8550,0.8197,0.5588,0.7260,0.6725,0.4303,0.5976,0.4353,0.4062,0.3919,0.4546,0.3417,0.3311,0.7103,0.2442,0.3929,0.4400,0.2510
14.733333333333333,Orthodox,Jab,0.9452,0.7040,0.6317,0.7705,0.5325,0.5205,0.5976,0.4276,0.4335,0.3778,0.4681,0.3490,0.3333,0.7347,0.2488,0.3928,0.4531,0.2608
14.766666666666667,Orthodox,Jab + Lead Hook,0.7858,0.3345,0.6852,0.7824,0.3842,0.5854,0.6103,0.4165,0.4724,0.3815,0.4683,0.3744,0.3717,0.5868,0.2847,0.4143,0.4631,0.2932
14.8,Orthodox,Jab,0.5949,0.1758,0.6827,0.7480,0.4087,0.6044,0.6080,0.4172,0.4875,0.3913,0.4358,0.3935,0.3763,0.5498,0.2999,0.4223,0.4624,0.3097
14.833333333333334,Orthodox,Lead Uppercut,0.5806,0.2200,0.6727,0.7383,0.4595,0.6014,0.6078,0.4176,0.4869,0.3914,0.4569,0.3867,0.3840,0.5624,0.2909,0.4208,0.4618,0.3096
14.866666666666667,Orthodox,None,0.5546,0.2551,0.6434,0.6985,0.5127,0.5850,0.6033,0.4040,0.4767,0.3876,0.4603,0.3819,0.3684,0.6097,0.2836,0.4206,0.4584,0.3025
14.9,Orthodox,None,0.5318,0.2850,0.5447,0.6436,0.6572,0.5545,0.5980,0.4048,0.4442,0.3861,0.4531,0.3627,0.3409,0.6741,0.2685,0.4164,0.4535,0.2757
14.933333333333334,Orthodox,None,0.5107,0.3752,0.4614,0.5815,0.7247,0.4758,0.5875,0.4051,0.4190,0.3854,0.4538,0.3506,0.3282,0.7023,0.2451,0.3939,0.4521,0.2519
14.966666666666667,Orthodox,None,0.5050,0.3990,0.4413,0.5722,0.7169,0.4491,0.5859,0.4064,0.4023,0.3853,0.4526,0.3428,0.3270,0.7026,0.2335,0.3914,0.4492,0.2468
15.0,Orthodox,None,0.5074,0.3988,0.4414,0.5747,0.7003,0.4587,0.5847,0.4031,0.4040,0.3866,0.4331,0.3450,0.3284,0.6943,0.2374,0.3884,0.4267,0.2501
15.033333333333333,Orthodox,None,0.5140,0.4037,0.4434,0.5753,0.7140,0.4537,0.5857,0.4011,0.4055,0.3919,0.4359,0.3455,0.3299,0.6939,0.2397,0.3937,0.4235,0.2510
15.066666666666666,Orthodox,None,0.5201,0.4036,0.4511,0.5807,0.7033,0.4615,0.5870,0.3992,0.4102,0.4151,0.4259,0.3523,0.3407,0.6910,0.2406,0.4024,0.4229,0.2537
15.1,Orthodox,None,0.5302,0.4067,0.4526,0.5862,0.7031,0.4626,0.5919,0.3997,0.4114,0.4143,0.4230,0.3586,0.3429,0.6894,0.2470,0.4056,0.4165,0.2547
15.133333333333333,Orthodox,None,0.5336,0.4079,0.4525,0.5900,0.7111,0.4632,0.5980,0.4002,0.4127,0.4149,0.4235,0.3601,0.3472,0.6878,0.2497,0.4109,0.4178,0.2560
15.166666666666666,Orthodox,None,0.5346,0.4108,0.4532,0.5907,0.7060,0.4563,0.5997,0.4007,0.4103,0.4129,0.4277,0.3605,0.3497,0.6870,0.2501,0.4152,0.4185,0.2558
15.2,Orthodox,None,0.5338,0.4041,0.4469,0.5883,0.7012,0.4484,0.5999,0.4011,0.4079,0.4146,0.4250,0.3605,0.3500,0.6858,0.2505,0.4151,0.4192,0.2547
15.233333333333333,Orthodox,None,0.5342,0.4046,0.4497,0.5883,0.7049,0.4530,0.6002,0.4006,0.4083,0.4135,0.4260,0.3593,0.3511,0.6846,0.2497,0.4157,0.4178,0.2547
15.266666666666667,Orthodox,None,0.5332,0.4039,0.4508,0.5890,0.7046,0.4550,0.6013,0.4008,0.4072,0.4155,0.4264,0.3589,0.3510,0.6825,0.2485,0.4159,0.4171,0.2544
15.3,Orthodox,None,0.5340,0.4067,0.4518,0.5902,0.7068,0.4536,0.6017,0.4009,0.4055,0.4149,0.4269,0.3589,0.3509,0.6821,0.2486,0.4158,0.4167,0.2540
15.333333333333334,Orthodox,None,0.5355,0.4112,0.4495,0.5909,0.7054,0.4479,0.6018,0.4013,0.4044,0.4136,0.4299,0.3572,0.3508,0.6817,0.2488,0.4157,0.4169,0.2542
15.366666666666667,Orthodox,None,0.5359,0.4112,0.4512,0.5932,0.7043,0.4521,0.6021,0.3991,0.4059,0.4114,0.4526,0.3567,0.3510,0.6812,0.2462,0.4156,0.4134,0.2542
15.4,Orthodox,None,0.5356,0.4071,0.4519,0.6186,0.6869,0.4764,0.6019,0.3982,0.4091,0.4124,0.4709,0.3459,0.3596,0.6804,0.2366,0.4127,0.4155,0.2554
15.433333333333334,Orthodox,None,0.5548,0.3964,0.4580,0.6734,0.6594,0.4936,0.6003,0.4080,0.4142,0.4266,0.8427,0.3233,0.3710,0.7516,0.2284,0.3950,0.4568,0.2585
15.466666666666667,Orthodox,Cross,0.5687,0.3802,0.4591,0.7063,0.5807,0.4878,0.5906,0.4383,0.4109,0.4660,0.8644,0.4870,0.3818,0.8778,0.3522,0.3864,0.5359,0.3064
15.5,Orthodox,Cross,0.5876,0.3671,0.4870,0.7054,0.5734,0.4697,0.5819,0.4439,0.3776,0.5166,0.5899,0.5190,0.4499,0.8627,0.4824,0.3867,0.5279,0.3612
15.533333333333333,Orthodox,Cross,0.5994,0.3666,0.4835,0.7018,0.5978,0.4619,0.5837,0.4423,0.3833,0.4938,0.5886,0.5089,0.4296,0.8410,0.4409,0.3869,0.5205,0.3385
15.566666666666666,Orthodox,Rear Uppercut,0.5947,0.3674,0.4900,0.6883,0.6629,0.4919,0.6061,0.4386,0.4105,0.4352,0.5874,0.4729,0.3924,0.8170,0.3787,0.3923,0.4779,0.3235
15.6,Orthodox,Rear Uppercut,0.5907,0.3936,0.4895,0.6445,0.7002,0.5005,0.6129,0.4359,0.4273,0.3985,0.5387,0.4336,0.3589,0.7481,0.3256,0.4022,0.4402,0.3068
15.633333333333333,Orthodox,Rear Uppercut,0.5512,0.3929,0.4869,0.6004,0.6972,0.4963,0.6143,0.4215,0.4385,0.3945,0.4932,0.3817,0.3611,0.6276,0.2588,0.4131,0.4099,0.2981
15.666666666666666,Orthodox,None,0.5278,0.4023,0.4786,0.5797,0.6958,0.4925,0.6127,0.4158,0.4337,0.3893,0.5033,0.3232,0.3608,0.6214,0.2173,0.4163,0.4071,0.2873
15.7,Orthodox,None,0.5260,0.4022,0.4734,0.5850,0.6919,0.4912,0.6112,0.3971,0.4311,0.3929,0.4878,0.2992,0.3683,0.6349,0.1922,0.4173,0.4042,0.2774
15.733333333333333,Orthodox,None,0.5308,0.4024,0.4692,0.6114,0.6758,0.4953,0.6051,0.3902,0.4310,0.3858,0.6479,0.2905,0.3687,0.6480,0.1986,0.4055,0.4071,0.2696
15.766666666666667,Orthodox,None,0.5484,0.4034,0.4637,0.6746,0.6576,0.4841,0.6009,0.3946,0.4157,0.4020,0.8252,0.3556,0.3719,0.7483,0.2296,0.3915,0.4590,0.2693
15.8,Orthodox,Cross,0.5734,0.4032,0.4640,0.7019,0.6390,0.4443,0.5960,0.4435,0.3872,0.4528,0.7953,0.5281,0.4123,0.8916,0.4162,0.3919,0.5498,0.3203
15.833333333333334,Orthodox,Cross,0.5966,0.4112,0.4720,0.7086,0.6410,0.4428,0.5949,0.4807,0.3565,0.5082,0.5252,0.5370,0.4970,0.8364,0.5097,0.3924,0.5750,0.3744
15.866666666666667,Orthodox,Cross,0.6136,0.4180,0.5145,0.7146,0.6637,0.4845,0.6034,0.4659,0.3847,0.5297,0.4916,0.5158,0.4620,0.8136,0.4692,0.3925,0.5398,0.3479
15.9,Orthodox,None,0.6162,0.4210,0.5111,0.7050,0.6994,0.5047,0.6261,0.4402,0.4295,0.5052,0.5216,0.5008,0.4366,0.7999,0.4089,0.4156,0.4513,0.3352
15.933333333333334,Orthodox,None,0.6049,0.4297,0.5053,0.6853,0.7180,0.5068,0.6361,0.4343,0.4451,0.4313,0.5337,0.4810,0.3875,0.7495,0.3621,0.4255,0.4181,0.3342
15.966666666666667,Orthodox,None,0.5709,0.4516,0.5009,0.6249,0.7433,0.5013,0.6335,0.4335,0.4597,0.4039,0.5372,0.4108,0.3701,0.6470,0.2763,0.4318,0.3998,0.3224
16.0,Orthodox,None,0.5378,0.4464,0.4862,0.5910,0.7391,0.4963,0.6308,0.4308,0.4536,0.3935,0.5348,0.3537,0.3680,0.6132,0.2430,0.4359,0.3926,0.3079
16.033333333333335,Orthodox,None,0.5198,0.4383,0.4736,0.5786,0.7322,0.4871,0.6288,0.4229,0.4494,0.4003,0.5182,0.3322,0.3695,0.6148,0.2263,0.4359,0.3847,0.2943
16.066666666666666,Orthodox,Rear Hook,0.5187,0.4374,0.4693,0.5932,0.7301,0.4882,0.6237,0.4076,0.4454,0.4060,0.5231,0.3131,0.3750,0.6403,0.2065,0.4353,0.3918,0.2830
16.1,Orthodox,None,0.5349,0.4084,0.4708,0.6788,0.6659,0.5001,0.6150,0.4036,0.4437,0.4086,0.7581,0.3254,0.3868,0.7191,0.2268,0.4066,0.4388,0.2781
16.133333333333333,Orthodox,Cross,0.5836,0.3893,0.4738,0.7244,0.5824,0.4888,0.6056,0.4248,0.4064,0.4401,0.6926,0.4986,0.4044,0.8685,0.4097,0.4057,0.5183,0.3360
16.166666666666668,Orthodox,Cross,0.6224,0.4085,0.5097,0.7264,0.6059,0.4933,0.6057,0.4637,0.3990,0.5453,0.6016,0.5249,0.4715,0.8762,0.4906,0.4061,0.5367,0.3609
16.2,Orthodox,Cross,0.6323,0.4189,0.5031,0.7189,0.6843,0.4847,0.6164,0.4562,0.4037,0.5056,0.6114,0.5111,0.4294,0.8476,0.4379,0.4129,0.5188,0.3443
16.233333333333334,Orthodox,Rear Uppercut,0.6166,0.4275,0.5027,0.6944,0.7131,0.4989,0.6361,0.4477,0.4395,0.4222,0.5776,0.4695,0.3823,0.7564,0.3365,0.4234,0.4589,0.3377
16.266666666666666,Orthodox,Rear Uppercut,0.5525,0.4293,0.4959,0.6027,0.7266,0.4788,0.6341,0.4400,0.4487,0.3795,0.5716,0.3630,0.3700,0.6481,0.2466,0.4315,0.4094,0.3105
16.3,Orthodox,Rear Uppercut,0.5248,0.4207,0.4824,0.5756,0.7242,0.4758,0.6323,0.4368,0.4448,0.3734,0.5734,0.3150,0.3756,0.6497,0.2253,0.4315,0.4090,0.2943
16.333333333333332,Orthodox,Rear Hook,0.5139,0.4015,0.4771,0.5648,0.7222,0.4764,0.6266,0.4236,0.4434,0.3781,0.5582,0.2872,0.3776,0.6216,0.2066,0.4340,0.4061,0.2854
16.366666666666667,Orthodox,None,0.5251,0.3985,0.4780,0.5870,0.6913,0.4947,0.6212,0.4010,0.4420,0.3688,0.5815,0.2810,0.3737,0.6326,0.2027,0.4251,0.4081,0.2810
16.4,Orthodox,None,0.5424,0.3627,0.4849,0.6634,0.6633,0.5065,0.6135,0.4013,0.4377,0.4209,0.8132,0.3417,0.3833,0.7703,0.2071,0.3978,0.4539,0.2811
16.433333333333334,Orthodox,Cross + Rear Hook,0.5872,0.3665,0.4997,0.7030,0.6430,0.5034,0.5980,0.4357,0.4232,0.5246,0.7608,0.5183,0.4423,0.8721,0.4385,0.3943,0.5264,0.3226
16.466666666666665,Orthodox,Cross,0.6252,0.3810,0.5088,0.7248,0.6493,0.5028,0.5949,0.4813,0.3834,0.5655,0.5383,0.5368,0.5055,0.8380,0.5162,0.3977,0.5638,0.3766
16.5,Orthodox,Cross,0.6409,0.4013,0.5238,0.7163,0.6550,0.5002,0.5965,0.4695,0.3959,0.5628,0.5556,0.5217,0.4828,0.8523,0.4673,0.3997,0.5388,0.3560
16.533333333333335,Orthodox,Cross + Rear Uppercut,0.6365,0.4065,0.5199,0.7008,0.7110,0.5085,0.6137,0.4665,0.4152,0.5589,0.5355,0.5030,0.4380,0.8485,0.4171,0.4144,0.4557,0.3443
16.566666666666666,Orthodox,Rear Uppercut,0.6239,0.4186,0.5178,0.6689,0.7220,0.5111,0.6307,0.4601,0.4339,0.4397,0.5214,0.4787,0.3870,0.6870,0.3443,0.4288,0.4133,0.3276
16.6,Orthodox,Rear Uppercut,0.5841,0.4270,0.5172,0.6203,0.7311,0.5088,0.6389,0.4466,0.4522,0.4014,0.5222,0.4132,0.3638,0.6571,0.2816,0.4326,0.4059,0.3128
16.633333333333333,Orthodox,None,0.5404,0.4258,0.4978,0.5805,0.7291,0.4871,0.6360,0.4409,0.4472,0.3873,0.5043,0.3761,0.3552,0.6242,0.2541,0.4331,0.4094,0.3000
16.666666666666668,Orthodox,None,0.5230,0.4252,0.4840,0.5748,0.7260,0.4782,0.6333,0.4306,0.4443,0.3792,0.4966,0.3655,0.3574,0.6510,0.2516,0.4323,0.4163,0.2926
16.7,Orthodox,None,0.5216,0.4203,0.4790,0.5800,0.7197,0.4783,0.6260,0.4129,0.4371,0.3863,0.4908,0.3610,0.3610,0.6494,0.2526,0.4320,0.4145,0.2855
16.733333333333334,Orthodox,Rear Hook,0.5220,0.4064,0.4782,0.5827,0.7109,0.4797,0.6207,0.4065,0.4324,0.3941,0.5009,0.3607,0.3639,0.6504,0.2555,0.4249,0.4150,0.2826
16.766666666666666,Orthodox,None,0.5269,0.3960,0.4799,0.5862,0.6959,0.4810,0.6145,0.4059,0.4269,0.3971,0.5052,0.3662,0.3675,0.6424,0.2575,0.4246,0.4169,0.2809
16.8,Orthodox,None,0.5303,0.3944,0.4757,0.5929,0.6861,0.4789,0.6124,0.4059,0.4271,0.3942,0.5051,0.3714,0.3630,0.6497,0.2593,0.4240,0.4159,0.2795
16.833333333333332,Orthodox,None,0.5382,0.3948,0.4761,0.6104,0.6962,0.4794,0.6125,0.4063,0.4272,0.3955,0.4890,0.3737,0.3450,0.6541,0.2647,0.4149,0.4149,0.2822
16.866666666666667,Orthodox,None,0.5807,0.5381,0.4769,0.6638,0.7248,0.4789,0.6121,0.4076,0.4333,0.3946,0.4609,0.3849,0.3254,0.6589,0.2687,0.4114,0.4098,0.2829
16.9,Orthodox,None,0.5865,0.8032,0.4780,0.6680,0.7729,0.4716,0.6178,0.4705,0.4561,0.3955,0.4358,0.3871,0.3103,0.6075,0.2675,0.4148,0.4104,0.3098
16.933333333333334,Orthodox,None,0.5120,0.9509,0.5111,0.6212,0.9651,0.4718,0.6116,0.6384,0.4722,0.3979,0.5558,0.3843,0.3974,0.7365,0.2506,0.4578,0.5010,0.3193
16.966666666666665,Orthodox,None,0.5071,0.8119,0.5617,0.5473,0.8688,0.5394,0.5990,0.5808,0.4871,0.4079,0.5461,0.3750,0.4106,0.7217,0.2525,0.4767,0.4833,0.3310
17.0,Orthodox,None,0.4698,0.5267,0.5436,0.5173,0.8385,0.5370,0.5992,0.5328,0.4854,0.3945,0.5333,0.3632,0.4035,0.7184,0.2540,0.4747,0.4514,0.3274
17.033333333333335,Orthodox,Lead Uppercut,0.4926,0.3960,0.5321,0.5388,0.7788,0.5260,0.6007,0.4531,0.4785,0.3946,0.4626,0.3554,0.3598,0.6428,0.2521,0.4525,0.4275,0.3160
17.066666666666666,Orthodox,Lead Uppercut,0.5026,0.3819,0.5039,0.5535,0.7330,0.5212,0.6016,0.4227,0.4570,0.3891,0.4662,0.3590,0.3550,0.6460,0.2492,0.4337,0.4229,0.2915
17.1,Orthodox,Lead Uppercut,0.5041,0.3696,0.4814,0.5596,0.6581,0.5060,0.6025,0.4088,0.4334,0.3907,0.4547,0.3599,0.3560,0.6435,0.2511,0.4268,0.4208,0.2755
17.133333333333333,Orthodox,Lead Uppercut,0.5230,0.3707,0.4724,0.5761,0.6527,0.4934,0.6028,0.3991,0.4236,0.3939,0.4490,0.3562,0.3562,0.6466,0.2494,0.4235,0.4147,0.2702
17.166666666666668,Orthodox,Lead Uppercut,0.5246,0.3575,0.4667,0.5926,0.6610,0.4927,0.6030,0.3965,0.4220,0.4018,0.4348,0.3558,0.3524,0.6478,0.2502,0.4177,0.4058,0.2689
17.2,Orthodox,None,0.5322,0.3786,0.4691,0.6013,0.6771,0.4913,0.6032,0.3986,0.4224,0.4078,0.4322,0.3575,0.3507,0.6492,0.2508,0.4151,0.4015,0.2697
17.233333333333334,Orthodox,None,0.5426,0.5338,0.4702,0.6296,0.7502,0.4783,0.6038,0.4004,0.4314,0.4041,0.4356,0.3520,0.3401,0.6451,0.2479,0.4149,0.4033,0.2735
17.266666666666666,Orthodox,None,0.5556,0.8297,0.5046,0.6285,0.8495,0.4628,0.6059,0.5055,0.4426,0.3956,0.4402,0.3534,0.3414,0.6065,0.2400,0.4204,0.4192,0.2856
17.3,Orthodox,None,0.4802,0.9216,0.5593,0.5813,0.9457,0.4911,0.5959,0.6043,0.4690,0.3975,0.4734,0.3475,0.3847,0.5819,0.2298,0.4587,0.4680,0.3060
17.333333333333332,Orthodox,None,0.4886,0.7643,0.5911,0.5537,0.9098,0.5743,0.5962,0.5980,0.4937,0.3975,0.5472,0.3488,0.3826,0.7596,0.2369,0.4621,0.5357,0.3346
17.366666666666667,Orthodox,None,0.4804,0.4469,0.5628,0.5180,0.8030,0.5922,0.5968,0.5615,0.4939,0.3981,0.5184,0.3531,0.4076,0.7042,0.2518,0.4746,0.5053,0.3332
17.4,Orthodox,Lead Uppercut,0.4819,0.3325,0.5506,0.5395,0.7172,0.5765,0.5977,0.4814,0.4877,0.3954,0.5103,0.3519,0.4020,0.6745,0.2511,0.4665,0.4766,0.3257
17.433333333333334,Orthodox,Lead Uppercut,0.4866,0.3259,0.5285,0.5478,0.6961,0.5603,0.5978,0.4421,0.4803,0.3954,0.4610,0.3506,0.3632,0.6641,0.2452,0.4359,0.4499,0.3103
17.466666666666665,Orthodox,Lead Uppercut,0.4892,0.3250,0.4897,0.5513,0.6486,0.5109,0.5981,0.4133,0.4434,0.3955,0.4513,0.3509,0.3557,0.6566,0.2448,0.4186,0.4299,0.2831
17.5,Orthodox,None,0.4958,0.3432,0.4714,0.5529,0.6236,0.4959,0.5948,0.3979,0.4238,0.3918,0.4472,0.3501,0.3432,0.6360,0.2418,0.4115,0.4125,0.2654
17.533333333333335,Orthodox,None,0.4983,0.3685,0.4707,0.5552,0.6573,0.4891,0.5950,0.3973,0.4200,0.3911,0.4449,0.3423,0.3389,0.6253,0.2381,0.4109,0.4107,0.2670
17.566666666666666,Orthodox,None,0.5078,0.4977,0.4803,0.6044,0.7634,0.4768,0.5954,0.4096,0.4283,0.3890,0.4316,0.3413,0.3258,0.6238,0.2366,0.4107,0.4067,0.2719
17.6,Orthodox,None,0.5433,0.8437,0.4854,0.6341,0.8252,0.4661,0.6097,0.4782,0.4472,0.3845,0.4427,0.3527,0.3226,0.6202,0.2368,0.4130,0.4256,0.2866
17.633333333333333,Orthodox,None,0.4929,0.8914,0.5418,0.6108,0.9618,0.4771,0.6128,0.6096,0.4760,0.3990,0.5073,0.3686,0.3745,0.7374,0.2496,0.4493,0.5207,0.3168
17.666666666666668,Orthodox,None,0.5067,0.6735,0.6009,0.6038,0.8825,0.5781,0.6181,0.5759,0.5038,0.4024,0.5057,0.3825,0.3698,0.7076,0.2626,0.4462,0.5161,0.3437
17.7,Orthodox,None,0.4667,0.4123,0.5665,0.4953,0.7844,0.5926,0.6119,0.5465,0.5015,0.4021,0.5042,0.3776,0.3822,0.7039,0.2692,0.4639,0.5032,0.3417
17.733333333333334,Orthodox,None,0.4608,0.4173,0.5544,0.5061,0.7532,0.5704,0.6063,0.4768,0.4914,0.3965,0.4873,0.3681,0.3807,0.6595,0.2671,0.4599,0.4511,0.3325
17.766666666666666,Orthodox,Lead Uppercut,0.4598,0.3856,0.5363,0.5071,0.7257,0.5603,0.6017,0.4323,0.4827,0.3842,0.4708,0.3487,0.3549,0.6213,0.2526,0.4594,0.4284,0.3212
17.8,Orthodox,Lead Uppercut,0.4682,0.3740,0.5106,0.5152,0.7077,0.5334,0.5969,0.4107,0.4532,0.3695,0.4667,0.3355,0.3435,0.6152,0.2357,0.4373,0.4143,0.2946
17.833333333333332,Orthodox,Lead Uppercut,0.4724,0.3710,0.4869,0.5230,0.6735,0.5052,0.5929,0.4027,0.4343,0.3711,0.4548,0.3315,0.3369,0.6031,0.2290,0.4207,0.4099,0.2799
17.866666666666667,Orthodox,Lead Uppercut,0.4742,0.3470,0.4758,0.5278,0.6396,0.4927,0.5872,0.3889,0.4252,0.3734,0.4328,0.3289,0.3270,0.6025,0.2281,0.4100,0.4015,0.2692
17.9,Orthodox,None,0.4832,0.3403,0.4720,0.5429,0.6424,0.4889,0.5880,0.3804,0.4206,0.3747,0.4219,0.3269,0.3298,0.6030,0.2265,0.4096,0.3925,0.2644
17.933333333333334,Orthodox,None,0.4918,0.3612,0.4701,0.5550,0.6630,0.4891,0.5886,0.3848,0.4203,0.3761,0.4055,0.3233,0.3266,0.6043,0.2258,0.4094,0.3892,0.2683
17.966666666666665,Orthodox,None,0.5010,0.3693,0.4705,0.5602,0.6712,0.4912,0.5891,0.3856,0.4201,0.3823,0.3979,0.3262,0.3256,0.6009,0.2268,0.4093,0.3855,0.2674
18.0,Orthodox,None,0.5058,0.3708,0.4695,0.5608,0.6769,0.4915,0.5895,0.3821,0.4216,0.3847,0.4005,0.3273,0.3251,0.5989,0.2275,0.4109,0.3876,0.2696
18.033333333333335,Orthodox,None,0.5112,0.3739,0.4718,0.5621,0.6801,0.4927,0.5903,0.3868,0.4245,0.3869,0.3972,0.3384,0.3260,0.5987,0.2303,0.4119,0.3901,0.2709
18.066666666666666,Orthodox,None,0.5133,0.3773,0.4711,0.5639,0.6805,0.4943,0.5910,0.3896,0.4261,0.3869,0.3979,0.3455,0.3252,0.5995,0.2325,0.4109,0.3917,0.2714
18.1,Orthodox,None,0.5149,0.3782,0.4705,0.5660,0.6826,0.4952,0.5912,0.3903,0.4260,0.3869,0.3992,0.3491,0.3247,0.6004,0.2346,0.4096,0.3928,0.2708
18.133333333333333,Orthodox,None,0.5157,0.3781,0.4697,0.5657,0.6835,0.4948,0.5911,0.3907,0.4239,0.3869,0.4000,0.3547,0.3230,0.6008,0.2383,0.4073,0.3953,0.2707
18.166666666666668,Orthodox,None,0.5162,0.3787,0.4698,0.5658,0.6836,0.4932,0.5908,0.3922,0.4242,0.3882,0.3967,0.3552,0.3226,0.6020,0.2400,0.4052,0.4012,0.2707
18.2,Orthodox,None,0.5170,0.3786,0.4700,0.5656,0.6845,0.4937,0.5903,0.3932,0.4247,0.3882,0.3975,0.3563,0.3219,0.6024,0.2403,0.4052,0.4020,0.2710
18.233333333333334,Orthodox,None,0.5167,0.3785,0.4704,0.5655,0.6879,0.4939,0.5903,0.3939,0.4258,0.3882,0.3976,0.3603,0.3212,0.6036,0.2419,0.4055,0.4020,0.2726
18.266666666666666,Orthodox,None,0.5163,0.3786,0.4701,0.5684,0.6904,0.4941,0.5903,0.3940,0.4278,0.3905,0.3938,0.3600,0.3214,0.6040,0.2436,0.4053,0.4034,0.2727
18.3,Orthodox,None,0.5198,0.3788,0.4704,0.5863,0.6906,0.4949,0.5921,0.3945,0.4286,0.3960,0.3857,0.3652,0.3215,0.6042,0.2495,0.4034,0.4031,0.2726
18.333333333333332,Orthodox,None,0.5285,0.4111,0.4731,0.6212,0.7152,0.4886,0.5961,0.3992,0.4293,0.4053,0.3868,0.3852,0.3206,0.6200,0.2707,0.4007,0.4053,0.2727
18.366666666666667,Orthodox,None,0.5847,0.6897,0.4664,0.6538,0.7574,0.4530,0.6023,0.4397,0.4293,0.4292,0.4146,0.4338,0.3207,0.6479,0.3241,0.4004,0.4167,0.2837
18.4,Orthodox,None,0.5787,0.9608,0.4659,0.6319,0.8991,0.4138,0.6225,0.6111,0.4154,0.4641,0.4672,0.4479,0.3209,0.6768,0.3393,0.4104,0.4759,0.3207
18.433333333333334,Orthodox,None,0.5064,0.9535,0.5229,0.6221,1.0259,0.4487,0.6207,0.7041,0.4685,0.4514,0.4808,0.4557,0.3210,0.6660,0.3232,0.4415,0.5359,0.3491
18.466666666666665,Orthodox,None,0.4840,1.0153,0.5592,0.5901,0.9751,0.5380,0.6269,0.6769,0.4979,0.4587,0.4766,0.4397,0.3210,0.6615,0.3164,0.4474,0.5328,0.3530
18.5,Orthodox,None,0.4512,0.5861,0.5482,0.5128,0.9116,0.5358,0.6192,0.6040,0.4926,0.4106,0.4845,0.4289,0.3320,0.6541,0.3084,0.4541,0.4668,0.3453
18.533333333333335,Orthodox,None,0.4457,0.5026,0.5351,0.4984,0.8862,0.5226,0.6146,0.5295,0.4791,0.3927,0.4784,0.4248,0.3316,0.6167,0.3076,0.4544,0.4273,0.3350
18.566666666666666,Orthodox,Lead Uppercut,0.4515,0.4427,0.5277,0.5039,0.8281,0.5160,0.6135,0.4762,0.4730,0.3982,0.4218,0.4199,0.3297,0.6067,0.3004,0.4520,0.4297,0.3328
18.6,Orthodox,None,0.4606,0.4496,0.5165,0.5224,0.7928,0.5127,0.6065,0.4380,0.4582,0.3895,0.4223,0.4031,0.3247,0.6067,0.2868,0.4200,0.4172,0.3102
18.633333333333333,Orthodox,Lead Uppercut,0.4643,0.4438,0.4830,0.5303,0.7599,0.4797,0.5982,0.4157,0.4399,0.3791,0.4213,0.3807,0.3179,0.6084,0.2691,0.4042,0.4097,0.2824
18.666666666666668,Orthodox,Lead Uppercut,0.4692,0.4418,0.4567,0.5346,0.7428,0.4588,0.5914,0.4122,0.4323,0.3832,0.4077,0.3591,0.3156,0.6098,0.2516,0.3980,0.4088,0.2703
18.7,Orthodox,Lead Uppercut,0.4749,0.4415,0.4497,0.5381,0.7297,0.4542,0.5869,0.4024,0.4216,0.3817,0.4103,0.3493,0.3163,0.6200,0.2407,0.3962,0.4091,0.2636
18.733333333333334,Orthodox,None,0.4875,0.4219,0.4459,0.5442,0.7098,0.4499,0.5870,0.3946,0.4186,0.3845,0.3892,0.3441,0.3199,0.6193,0.2399,0.3943,0.4048,0.2638
18.766666666666666,Orthodox,None,0.5009,0.4090,0.4435,0.5612,0.6929,0.4518,0.5874,0.3842,0.4154,0.3848,0.3726,0.3503,0.3199,0.6193,0.2429,0.3965,0.3922,0.2640
18.8,Orthodox,None,0.5089,0.4006,0.4460,0.5741,0.6997,0.4535,0.5883,0.3916,0.4163,0.3861,0.3681,0.3547,0.3201,0.6156,0.2450,0.3976,0.3954,0.2643
18.833333333333332,Orthodox,None,0.5127,0.4028,0.4465,0.5800,0.7042,0.4552,0.5884,0.3936,0.4183,0.3866,0.3612,0.3552,0.3213,0.6129,0.2459,0.3986,0.3975,0.2665
18.866666666666667,Orthodox,None,0.5133,0.4005,0.4485,0.5823,0.7014,0.4571,0.5890,0.3929,0.4189,0.3891,0.3624,0.3567,0.3230,0.6130,0.2474,0.3992,0.3990,0.2677
18.9,Orthodox,None,0.5138,0.4100,0.4500,0.5803,0.7078,0.4572,0.5896,0.3932,0.4198,0.3903,0.3612,0.3563,0.3231,0.6110,0.2479,0.3998,0.3975,0.2690
18.933333333333334,Orthodox,None,0.5135,0.4080,0.4499,0.5791,0.7106,0.4550,0.5901,0.3924,0.4202,0.3906,0.3637,0.3533,0.3235,0.6111,0.2464,0.4001,0.3972,0.2694
18.966666666666665,Orthodox,None,0.5148,0.4051,0.4483,0.5793,0.7091,0.4539,0.5904,0.3911,0.4210,0.3911,0.3644,0.3512,0.3239,0.6107,0.2463,0.4013,0.3917,0.2680
19.0,Orthodox,None,0.5163,0.4025,0.4484,0.5785,0.7063,0.4527,0.5905,0.3908,0.4215,0.3914,0.3658,0.3481,0.3239,0.6109,0.2462,0.4017,0.3902,0.2680
19.033333333333335,Orthodox,None,0.5186,0.3849,0.4485,0.5781,0.6977,0.4546,0.5905,0.3908,0.4220,0.3918,0.3662,0.3447,0.3242,0.6128,0.2463,0.4020,0.3906,0.2681
19.066666666666666,Orthodox,None,0.5200,0.3648,0.4513,0.5773,0.6888,0.4595,0.5910,0.3911,0.4199,0.3920,0.3668,0.3460,0.3243,0.6106,0.2465,0.4054,0.3920,0.2679
19.1,Orthodox,None,0.5193,0.3660,0.4533,0.5772,0.6861,0.4636,0.5910,0.3906,0.4165,0.3921,0.3669,0.3469,0.3207,0.6106,0.2461,0.4050,0.3961,0.2679
19.133333333333333,Orthodox,None,0.5185,0.3715,0.4535,0.5751,0.6889,0.4637,0.5908,0.3906,0.4163,0.3922,0.3706,0.3480,0.3211,0.6140,0.2461,0.4043,0.3974,0.2668
19.166666666666668,Orthodox,None,0.5182,0.3722,0.4535,0.5742,0.6907,0.4636,0.5905,0.3901,0.4167,0.3915,0.3755,0.3484,0.3210,0.6183,0.2462,0.4031,0.3976,0.2661
19.2,Orthodox,None,0.5179,0.3753,0.4527,0.5740,0.6919,0.4637,0.5903,0.3897,0.4168,0.3888,0.3794,0.3486,0.3199,0.6249,0.2457,0.4023,0.3970,0.2662
19.233333333333334,Orthodox,None,0.5178,0.3872,0.4527,0.5736,0.6937,0.4637,0.5903,0.3896,0.4175,0.3859,0.3868,0.3477,0.3196,0.6275,0.2445,0.4018,0.3956,0.2674
19.266666666666666,Orthodox,None,0.5164,0.3908,0.4533,0.5735,0.6950,0.4638,0.5902,0.3885,0.4177,0.3862,0.3922,0.3466,0.3195,0.6276,0.2436,0.4020,0.3929,0.2677
19.3,Orthodox,None,0.5135,0.3924,0.4533,0.5735,0.6961,0.4635,0.5902,0.3866,0.4179,0.3863,0.3937,0.3439,0.3190,0.6298,0.2427,0.4032,0.3930,0.2680
19.333333333333332,Orthodox,None,0.5120,0.3978,0.4533,0.5738,0.6991,0.4632,0.5903,0.3857,0.4190,0.3866,0.3952,0.3428,0.3184,0.6324,0.2392,0.4036,0.3931,0.2682
19.366666666666667,Orthodox,None,0.5119,0.3980,0.4537,0.5757,0.6992,0.4629,0.5903,0.3838,0.4196,0.3866,0.3973,0.3424,0.3182,0.6335,0.2367,0.4044,0.3917,0.2682
19.4,Orthodox,None,0.5119,0.3999,0.4538,0.5756,0.7006,0.4628,0.5903,0.3828,0.4205,0.3860,0.4020,0.3416,0.3181,0.6343,0.2355,0.4051,0.3913,0.2682
19.433333333333334,Orthodox,None,0.5104,0.4001,0.4541,0.5760,0.7024,0.4626,0.5904,0.3827,0.4216,0.3860,0.4029,0.3407,0.3181,0.6352,0.2342,0.4058,0.3917,0.2683
19.466666666666665,Orthodox,None,0.5098,0.4005,0.4547,0.5772,0.7030,0.4624,0.5907,0.3826,0.4225,0.3854,0.4038,0.3406,0.3190,0.6338,0.2344,0.4084,0.3914,0.2682
19.5,Orthodox,None,0.5098,0.4006,0.4546,0.5792,0.7054,0.4619,0.5908,0.3828,0.4254,0.3874,0.4013,0.3408,0.3231,0.6338,0.2351,0.4096,0.3921,0.2683
19.533333333333335,Orthodox,None,0.5110,0.4006,0.4546,0.5799,0.7077,0.4617,0.5920,0.3839,0.4272,0.3901,0.3979,0.3410,0.3268,0.6321,0.2354,0.4119,0.3915,0.2682
19.566666666666666,Orthodox,None,0.5106,0.4017,0.4546,0.5793,0.7187,0.4616,0.5947,0.3874,0.4278,0.3887,0.3976,0.3416,0.3289,0.6303,0.2355,0.4150,0.3963,0.2683
19.6,Orthodox,None,0.5089,0.4047,0.4548,0.5739,0.7359,0.4613,0.5962,0.3914,0.4276,0.3886,0.3942,0.3417,0.3296,0.6303,0.2357,0.4156,0.4017,0.2682
19.633333333333333,Orthodox,None,0.5005,0.3996,0.4523,0.5676,0.7341,0.4556,0.5962,0.3930,0.4231,0.3869,0.3916,0.3414,0.3295,0.6334,0.2356,0.4155,0.4063,0.2666
19.666666666666668,Orthodox,None,0.4965,0.4084,0.4523,0.5635,0.7412,0.4552,0.5962,0.3960,0.4227,0.3808,0.3953,0.3366,0.3274,0.6380,0.2335,0.4126,0.4091,0.2659
19.7,Orthodox,None,0.4925,0.4313,0.4526,0.5636,0.7569,0.4548,0.5940,0.3982,0.4196,0.3713,0.4174,0.3342,0.3245,0.6548,0.2337,0.4097,0.4119,0.2631
19.733333333333334,Orthodox,None,0.4937,0.5100,0.4641,0.5718,0.8101,0.4557,0.5923,0.4127,0.4268,0.3718,0.4550,0.3376,0.3244,0.6608,0.2364,0.4108,0.4185,0.2663
19.766666666666666,Orthodox,None,0.5089,0.5797,0.4946,0.5914,0.8436,0.4698,0.5947,0.4397,0.4468,0.3727,0.5007,0.3723,0.3295,0.6896,0.2482,0.4104,0.4195,0.2757
19.8,Orthodox,None,0.5510,0.6945,0.5248,0.6233,0.9069,0.4952,0.6058,0.4863,0.4769,0.3727,0.5751,0.4139,0.3304,0.7720,0.2789,0.4078,0.4339,0.3104
19.833333333333332,Orthodox,None,0.5918,0.7614,0.5788,0.6834,0.9283,0.5431,0.6487,0.5017,0.5108,0.3936,0.6651,0.4647,0.3558,0.7701,0.3230,0.4175,0.4347,0.3504
19.866666666666667,Orthodox,Jab + Cross,0.6234,0.7743,0.6154,0.7353,0.9309,0.5836,0.6797,0.4988,0.5650,0.4111,0.6863,0.5115,0.3655,0.7528,0.3536,0.4268,0.4279,0.3970
19.9,Orthodox,Jab + Cross,0.6611,0.7905,0.6471,0.7817,0.9364,0.6061,0.7129,0.4842,0.5833,0.4145,0.6870,0.5241,0.3667,0.7374,0.3718,0.4359,0.3920,0.4275
19.933333333333334,Orthodox,None,0.6827,0.7849,0.6741,0.8084,0.9335,0.6281,0.7453,0.4769,0.6045,0.4238,0.6873,0.5311,0.3728,0.7353,0.3894,0.4495,0.3627,0.4507
19.966666666666665,Orthodox,None,0.6960,0.8002,0.6857,0.8215,0.9207,0.6374,0.7544,0.4566,0.6194,0.4214,0.7054,0.5345,0.3699,0.7285,0.3942,0.4520,0.3468,0.4628
20.0,Orthodox,None,0.6935,0.8116,0.6999,0.8204,0.9170,0.6497,0.7532,0.4405,0.6309,0.4174,0.7650,0.5400,0.3737,0.7410,0.3921,0.4514,0.3497,0.4662
20.033333333333335,Orthodox,None,0.6837,0.8313,0.7008,0.8113,0.9105,0.6455,0.7411,0.4324,0.6332,0.3968,0.8023,0.5459,0.3718,0.7962,0.3891,0.4185,0.3535,0.4626
20.066666666666666,Orthodox,None,0.6646,0.8164,0.7094,0.7924,0.9051,0.6497,0.7231,0.4125,0.6355,0.3642,0.8222,0.5479,0.3323,0.7990,0.3903,0.3758,0.3544,0.4593
20.1,Orthodox,None,0.6575,0.8168,0.7387,0.7793,0.8868,0.6583,0.6891,0.3849,0.6319,0.3125,0.8623,0.5559,0.2773,0.8104,0.3947,0.3219,0.3573,0.4569
20.133333333333333,Orthodox,None,0.6586,0.8500,0.7617,0.7739,0.8224,0.6794,0.6405,0.3531,0.6388,0.2640,0.9146,0.5772,0.2358,0.8434,0.4074,0.2652,0.3623,0.4617
20.166666666666668,Orthodox,None,0.6567,0.8892,0.7761,0.7501,0.8068,0.6880,0.6128,0.3368,0.6349,0.2296,0.9126,0.5916,0.1943,0.8432,0.4164,0.2304,0.3627,0.4632
20.2,Orthodox,None,0.6998,0.9706,0.7908,0.7425,0.8166,0.6856,0.6084,0.3382,0.6302,0.2187,0.9375,0.6030,0.1773,0.8638,0.4287,0.2092,0.3686,0.4772
20.233333333333334,Orthodox,None,0.8055,1.2371,0.8123,0.7539,0.8479,0.7206,0.6207,0.3474,0.6454,0.2252,0.9589,0.6283,0.1828,0.8578,0.4433,0.2187,0.3739,0.4933
20.266666666666666,Orthodox,Rear Hook,0.8468,1.3624,0.8196,0.7838,0.8976,0.7195,0.6431,0.3518,0.6607,0.2411,0.9772,0.6417,0.1991,0.8442,0.4611,0.2364,0.3719,0.5191
20.3,Orthodox,None,0.8712,1.4496,0.8334,0.8268,0.9420,0.7419,0.6986,0.3541,0.6920,0.2592,1.0149,0.6589,0.2171,0.8377,0.4791,0.2552,0.3726,0.5503
20.333333333333332,Orthodox,None,0.9172,1.4794,0.8255,0.8940,0.9606,0.7500,0.7478,0.3796,0.7149,0.2565,1.2007,0.6766,0.2252,0.8424,0.5009,0.2653,0.3923,0.5747
20.366666666666667,Orthodox,None,0.9535,1.4630,0.8234,0.9276,0.9742,0.7608,0.7937,0.4086,0.7253,0.3139,1.2088,0.6948,0.2649,0.8391,0.5221,0.2677,0.4024,0.5954
20.4,Orthodox,None,0.9343,1.5124,0.8093,0.9436,0.9622,0.7575,0.8151,0.4147,0.7285,0.3497,1.2744,0.7081,0.2790,0.8563,0.5375,0.2783,0.4256,0.6084
20.433333333333334,Orthodox,None,0.9035,1.4238,0.8056,0.9435,0.9603,0.7708,0.8204,0.4133,0.7328,0.3726,1.2076,0.7099,0.2792,0.8557,0.5407,0.2930,0.4269,0.6109
20.466666666666665,Orthodox,None,0.9391,1.3797,0.8180,0.9360,0.9212,0.7601,0.8173,0.4056,0.7370,0.3761,1.2507,0.7112,0.2831,0.8552,0.5430,0.2977,0.4346,0.6138
20.5,Orthodox,None,0.9530,1.3975,0.8170,0.9429,0.9147,0.7638,0.8163,0.4023,0.7431,0.3729,1.2659,0.7065,0.2820,0.8547,0.5374,0.2979,0.4391,0.6123
20.533333333333335,Orthodox,None,0.9664,1.3818,0.8189,0.9423,0.8986,0.7703,0.8119,0.4013,0.7482,0.3624,1.2738,0.7160,0.2821,0.8564,0.5445,0.2977,0.4454,0.6160
20.566666666666666,Orthodox,Lead Uppercut,0.9574,1.3687,0.8193,0.9354,0.8931,0.7716,0.8111,0.3992,0.7465,0.3577,1.2738,0.7128,0.2816,0.8545,0.5395,0.2979,0.4476,0.6117
20.6,Orthodox,None,1.0075,1.3293,0.8220,0.9385,0.8758,0.7776,0.8047,0.3966,0.7486,0.3563,1.2716,0.7106,0.2813,0.8549,0.5377,0.2980,0.4508,0.6077
20.633333333333333,Orthodox,None,1.0120,1.3504,0.8212,0.9421,0.8856,0.7764,0.8068,0.3986,0.7466,0.3539,1.2977,0.7080,0.2812,0.8540,0.5359,0.2980,0.4540,0.6094
20.666666666666668,Orthodox,None,0.9841,1.3577,0.8207,0.9367,0.8861,0.7791,0.8048,0.3986,0.7540,0.3511,1.2881,0.7063,0.2810,0.8532,0.5367,0.2982,0.4541,0.6056
20.7,Orthodox,None,0.9794,1.3770,0.8197,0.9330,0.8902,0.7761,0.8050,0.4026,0.7515,0.3577,1.2784,0.7043,0.2851,0.8527,0.5346,0.2977,0.4556,0.6036
20.733333333333334,Orthodox,None,0.9799,1.3707,0.8198,0.9313,0.8977,0.7742,0.8051,0.4060,0.7507,0.3548,1.2924,0.7050,0.2855,0.8543,0.5339,0.2944,0.4548,0.6026
20.766666666666666,Orthodox,None,1.0283,1.3711,0.8213,0.9329,0.9017,0.7746,0.8039,0.4078,0.7486,0.3278,1.2987,0.7045,0.2852,0.8540,0.5328,0.2932,0.4542,0.6016
20.8,Orthodox,None,1.0111,1.3682,0.8182,0.9318,0.8992,0.7739,0.8014,0.3999,0.7476,0.3287,1.2646,0.7036,0.2850,0.8344,0.5321,0.2932,0.4515,0.6012
20.833333333333332,Orthodox,None,1.0036,1.3849,0.8147,0.9310,0.8993,0.7722,0.7994,0.3994,0.7424,0.3511,1.2059,0.7029,0.2889,0.8505,0.5318,0.2943,0.4518,0.6006
20.866666666666667,Orthodox,None,1.0531,1.3838,0.8131,0.9315,0.8994,0.7728,0.7962,0.3992,0.7422,0.3179,1.2076,0.7026,0.2881,0.8451,0.5315,0.2943,0.4508,0.6003
20.9,Orthodox,None,1.0175,1.4047,0.8127,0.9310,0.9085,0.7671,0.7925,0.3981,0.7392,0.3199,1.2084,0.7012,0.2898,0.8490,0.5298,0.2890,0.4498,0.5984
20.933333333333334,Orthodox,Rear Uppercut,0.9659,1.4094,0.8122,0.9274,0.9160,0.7673,0.7824,0.3852,0.7420,0.3188,1.1337,0.7009,0.2893,0.8471,0.5289,0.2838,0.4430,0.5938
20.966666666666665,Orthodox,Rear Uppercut,0.9537,1.4175,0.8122,0.9228,0.9293,0.7669,0.7729,0.3830,0.7419,0.3050,1.1500,0.7000,0.2838,0.8544,0.5277,0.2754,0.4430,0.5868
21.0,Orthodox,None,0.9443,1.4404,0.8085,0.9225,0.9424,0.7620,0.7690,0.3821,0.7418,0.2970,1.1477,0.6911,0.2802,0.8543,0.5216,0.2731,0.4418,0.5821
21.033333333333335,Orthodox,None,0.9357,1.4811,0.8063,0.9189,0.9507,0.7578,0.7610,0.3780,0.7392,0.2701,1.0716,0.6882,0.2799,0.8535,0.5169,0.2739,0.4389,0.5794
21.066666666666666,Orthodox,None,0.9273,1.4763,0.8063,0.9118,0.9665,0.7571,0.7568,0.3775,0.7379,0.2746,1.0375,0.6848,0.2799,0.8535,0.5147,0.2745,0.4376,0.5763
21.1,Orthodox,Rear Uppercut,0.9228,1.5034,0.8069,0.9002,0.9678,0.7570,0.7513,0.3763,0.7363,0.2787,0.9658,0.6845,0.2843,0.8266,0.5128,0.2774,0.4376,0.5748
21.133333333333333,Orthodox,Rear Uppercut,0.9037,1.4898,0.8136,0.8945,0.9663,0.7590,0.7462,0.3753,0.7363,0.2738,0.9620,0.6809,0.2898,0.8061,0.5104,0.2806,0.4285,0.5729
21.166666666666668,Orthodox,None,0.9092,1.4916,0.8125,0.8940,0.9732,0.7579,0.7449,0.3742,0.7339,0.2749,0.9976,0.6807,0.2901,0.8246,0.5104,0.2820,0.4290,0.5723
21.2,Orthodox,None,0.9134,1.5263,0.8125,0.8951,0.9874,0.7538,0.7452,0.3743,0.7297,0.2760,0.9748,0.6758,0.3113,0.8236,0.5084,0.2823,0.4275,0.5691
